,SMILES,Solvent,Quantum yield
44,Clc1nc(Cl)nc(Nc2cc3ccc4cccc5ccc(c2)c3c45)n1,CCCCOCCCC,-1.2218487496163564
50,Cc1cc(=O)oc2c3c4c(cc12)CCCN4CCC3,CCCCl,-0.0969100130080563
51,Cc1cc(=O)oc2c3c4c(cc12)CCCN4CCC3,CCC#N,-0.0457574905606751
52,Cc1cc(=O)oc2c3c4c(cc12)CCCN4CCC3,OCC(F)(F)F,-0.0757207139381183
53,Cc1cc(=O)oc2c3c4c(cc12)CCCN4CCC3,OC(C(F)(F)F)C(F)(F)F,-0.0655015487564322
54,O=c1cc(C(F)(F)F)c2cc3c4c(c2o1)CCCN4CCC3,CCCCCCCl,-0.0222763947111522
55,O=c1cc(C(F)(F)F)c2cc3c4c(c2o1)CCCN4CCC3,CCCCl,-0.1135092748275181
56,O=c1cc(C(F)(F)F)c2cc3c4c(c2o1)CCCN4CCC3,CCC#N,-0.1191864077192086
57,O=c1cc(C(F)(F)F)c2cc3c4c(c2o1)CCCN4CCC3,OCC(F)(F)F,-0.3279021420642826
61,N#Cc1c(-n2c3ccccc3c3ccccc32)c(C#N)c(-n2c3ccccc3c3ccccc32)c(-n2c3ccccc3c3ccccc32)c1-n1c2ccccc2c2ccccc21,c1ccc2c(c1)c1ccccc1n2-c1ccc(-c2ccc(-n3c4ccccc4c4ccccc43)cc2)cc1,-0.0809219076239261
62,CC(C)(C)c1ccc(-c2nnc(-c3c(-n4c5ccccc5c5ccccc54)c(-n4c5ccccc5c5ccccc54)c(-c4nnc(-c5ccc(C(C)(C)C)cc5)o4)c(-n4c5ccccc5c5ccccc54)c3-n3c4ccccc4c4ccccc43)o2)cc1,c1cc(-n2c3ccccc3c3ccccc32)nc(-n2c3ccccc3c3ccccc32)c1,-0.0506099933550872
63,N#Cc1cc(-n2c3ccccc3c3ccccc32)c(C#N)cc1-n1c2ccccc2c2ccccc21,c1ccc2c(c1)c1ccccc1n2P1(n2c3ccccc3c3ccccc32)=NP(n2c3ccccc3c3ccccc32)(n2c3ccccc3c3ccccc32)=NP(n2c3ccccc3c3ccccc32)(n2c3ccccc3c3ccccc32)=N1,-0.0705810742857072
64,N#Cc1cc(-n2c3ccccc3c3ccccc32)c(C#N)cc1-n1c2ccccc2c2ccccc21,c1cc(-c2cccc(-n3c4ccccc4c4ccccc43)c2)cc(-n2c3ccccc3c3ccccc32)c1,-0.0604807473813814
65,N#Cc1c(-n2c3ccccc3c3ccccc32)c(-n2c3ccccc3c3ccccc32)c(-n2c3ccccc3c3ccccc32)c(-n2c3ccccc3c3ccccc32)c1-n1c2ccccc2c2ccccc21,c1cc(-c2cccc(-n3c4ccccc4c4ccccc43)c2)cc(-n2c3ccccc3c3ccccc32)c1,-0.1870866433571444
67,Cc1cc(-n2c3ccccc3c3ccccc32)c(-n2c3ccccc3c3ccccc32)cc1C#N,c1cc(-c2cccc(-n3c4ccccc4c4ccccc43)c2)cc(-n2c3ccccc3c3ccccc32)c1,-0.0506099933550872
68,Cc1cc(-n2c3ccccc3c3ccccc32)c(-n2c3ccccc3c3ccccc32)cc1C#N,c1ccc2c(c1)c1ccccc1n2-c1ccc2sc3ccc(-n4c5ccccc5c5ccccc54)cc3c2c1,-0.0752040042020878
69,Cc1cc(-n2c3ccccc3c3ccccc32)c(-n2c3ccccc3c3ccccc32)cc1C#N,c1ccc2c(c1)c1ccccc1n2-c1ccc2sc3ccc(-n4c5ccccc5c5cccnc54)cc3c2c1,-0.0078885122130503
70,Cc1cc(-n2c3ccccc3c3ccccc32)c(-n2c3ccccc3c3ccccc32)cc1C#N,c1ccc2c(c1)c1cccnc1n2-c1ccc2sc3ccc(-n4c5ccccc5c5cccnc54)cc3c2c1,-0.0560111249262281
71,CC1(C)c2ccccc2N(c2cc(C#N)c(C#N)cc2N2c3ccccc3C(C)(C)c3ccccc32)c2ccccc21,c1ccc2c(c1)c1ccccc1n2-c1ccc(-c2ccc(-n3c4ccccc4c4ccccc43)cc2)cc1,-0.2284125191187446
72,N#Cc1cc(N2c3ccccc3Oc3ccccc32)c(N2c3ccccc3Oc3ccccc32)cc1C#N,c1ccc2c(c1)c1ccccc1n2-c1ccc(-c2ccc(-n3c4ccccc4c4ccccc43)cc2)cc1,-1.193820026016113
73,N#Cc1cc(N2c3ccccc3Sc3ccccc32)c(N2c3ccccc3Sc3ccccc32)cc1C#N,c1ccc2c(c1)c1ccccc1n2-c1ccc(-c2ccc(-n3c4ccccc4c4ccccc43)cc2)cc1,-1.337242168318426
74,N#Cc1c(-n2c3ccccc3c3ccccc32)nc(-n2c3ccccc3c3ccccc32)c(C#N)c1-c1ccccc1,c1cc(-c2cccc(-n3c4ccccc4c4ccccc43)c2)cc(-n2c3ccccc3c3ccccc32)c1,-0.3036436112666679
77,Cc1c(C)c(B(c2c(C)c(C)c(C#N)c(C)c2C)c2c(C)c(C)c(N3c4ccccc4Oc4ccccc43)c(C)c2C)c(C)c(C)c1C#N,c1ccc([Si](c2ccccc2)(c2ccc(-n3c4ccccc4c4ccccc43)cc2)c2ccc(-n3c4ccccc4c4ccccc43)cc2)cc1,-0.1739251972991735
78,Cc1c(C)c(B(c2c(C)c(C)c(N3c4ccccc4Oc4ccccc43)c(C)c2C)c2c(C)c(C)c(N3c4ccccc4Oc4ccccc43)c(C)c2C)c(C)c(C)c1C#N,c1ccc([Si](c2ccccc2)(c2ccc(-n3c4ccccc4c4ccccc43)cc2)c2ccc(-n3c4ccccc4c4ccccc43)cc2)cc1,-0.1249387366082999
107,CC(C)(C)c1cc2c3cc(C(C)(C)C)c(-c4cc5cc6c7cccc8cccc(c9cc(C(C)(C)C)cc(c5cc4C(C)(C)C)c96)c87)cc3cc3c4cccc5cccc(c(c1)c23)c54,CC1CCCCC1,-0.1938200260161128
108,CC(C)(C)c1ccc2cc3c4cccc5cccc(c6cc(C(C)(C)C)cc(c2c1)c63)c54,CC1CCCCC1,-0.1307682802690238
227,CC1=CC(C)=[N+]2C1=C(c1ccc(C)cc1)c1c(C)cc(/C=C/c3ccc4ccc5cccc6ccc3c4c56)n1[B-]2(F)F,CC1CCCO1,-0.1938200260161128
228,CC1=CC(/C=C/c2ccc(C)cc2)=[N+]2C1=C(c1ccccc1)c1c(C)cc(/C=C/c3ccc(C)cc3)n1[B-]2(F)F,CC1CCCO1,-0.1249387366082999
229,CC1=CC(/C=C/c2c3ccccc3c(C)c3ccccc23)=[N+]2C1=C(c1ccccc1)c1c(C)cc(/C=C/c3c4ccccc4c(C)c4ccccc34)n1[B-]2(F)F,CC1CCCO1,-1.42021640338319
230,CC1=CC(/C=C/c2ccc3ccc4cccc5ccc2c3c45)=[N+]2C1=C(c1ccccc1)c1c(C)cc(/C=C/c3ccc4ccc5cccc6ccc3c4c56)n1[B-]2(F)F,CC1CCCO1,-0.0969100130080563
238,O=S(=O)(c1cccc(-n2c3ccccc3c3ccccc32)c1)c1cccc(-n2c3ccccc3c3ccccc32)c1,c1cc(-n2c3ccccc3c3ccccc32)cc(-n2c3ccccc3c3ccccc32)c1,-0.6615435063953952
239,O=S(=O)(c1cccc(N2c3ccccc3Sc3ccccc32)c1)c1cccc(N2c3ccccc3Sc3ccccc32)c1,c1cc(-n2c3ccccc3c3ccccc32)cc(-n2c3ccccc3c3ccccc32)c1,-0.9355420107730816
240,O=S(=O)(c1cccc(N2c3ccccc3Oc3ccccc32)c1)c1cccc(N2c3ccccc3Oc3ccccc32)c1,c1cc(-n2c3ccccc3c3ccccc32)cc(-n2c3ccccc3c3ccccc32)c1,-0.4934949675951279
241,CC1(C)c2ccccc2N(c2cccc(S(=O)(=O)c3cccc(N4c5ccccc5C(C)(C)c5ccccc54)c3)c2)c2ccccc21,c1cc(-n2c3ccccc3c3ccccc32)cc(-n2c3ccccc3c3ccccc32)c1,-0.4377071355435253
242,O=S(=O)(c1cccc(-n2c3ccccc3c3ccccc32)c1)c1cccc(-n2c3ccccc3c3ccccc32)c1,CCCCC(CC)n1c2ccc(-n3c4ccccc4c4ccccc43)cc2c2cc(-n3c4ccccc4c4ccccc43)ccc21,-0.9625735020593764
243,O=S(=O)(c1cccc(N2c3ccccc3Sc3ccccc32)c1)c1cccc(N2c3ccccc3Sc3ccccc32)c1,CCCCC(CC)n1c2ccc(-n3c4ccccc4c4ccccc43)cc2c2cc(-n3c4ccccc4c4ccccc43)ccc21,-1.0861861476162833
244,O=S(=O)(c1cccc(N2c3ccccc3Oc3ccccc32)c1)c1cccc(N2c3ccccc3Oc3ccccc32)c1,CCCCC(CC)n1c2ccc(-n3c4ccccc4c4ccccc43)cc2c2cc(-n3c4ccccc4c4ccccc43)ccc21,-0.6819366650372385
245,CC1(C)c2ccccc2N(c2cccc(S(=O)(=O)c3cccc(N4c5ccccc5C(C)(C)c5ccccc54)c3)c2)c2ccccc21,CCCCC(CC)n1c2ccc(-n3c4ccccc4c4ccccc43)cc2c2cc(-n3c4ccccc4c4ccccc43)ccc21,-0.6216020990518624
309,Cn1c2nc(=O)[nH]c(=O)c-2nc2ccccc21,CC1CCCO1,-0.5228787452803376
310,Cn1c(=O)nc2n(C)c3ccccc3nc-2c1=O,CC1CCCO1,-0.6575773191777937
449,Cc1cc2cc(N3c4ccccc4Oc4ccccc43)ccc2c(=O)o1,c1cc(-c2cccc(-n3c4ccccc4c4ccccc43)c2)cc(-n2c3ccccc3c3ccccc32)c1,-0.3279021420642826
450,O=c1oc2ccccc2c2cc(N3c4ccccc4Oc4ccccc43)ccc12,c1cc(-c2cccc(-n3c4ccccc4c4ccccc43)c2)cc(-n2c3ccccc3c3ccccc32)c1,-0.2839966563652008
457,CC(C)c1cc(C(C)C)c(B2c3cc(-n4c5ccccc5c5ccccc54)ccc3N(c3ccccc3)c3ccc(-n4c5ccccc5c5ccccc54)cc32)c(C(C)C)c1,c1cc(-c2cccc(-n3c4ccccc4c4ccccc43)c2)cc(-n2c3ccccc3c3ccccc32)c1,-0.00436480540245
458,CC(C)c1cc(C(C)C)c(B2c3cc(-n4c5ccc(C(C)(C)C)cc5c5cc(C(C)(C)C)ccc54)ccc3N(c3ccccc3)c3ccc(-n4c5ccc(C(C)(C)C)cc5c5cc(C(C)(C)C)ccc54)cc32)c(C(C)C)c1,c1cc(-c2cccc(-n3c4ccccc4c4ccccc43)c2)cc(-n2c3ccccc3c3ccccc32)c1,-0.0087739243075051
459,Cc1cc(C)c2c(c1)c1cc(C)cc(C)c1n2-c1ccc2c(c1)B(c1c(C(C)C)cc(C(C)C)cc1C(C)C)c1cc(-n3c4c(C)cc(C)cc4c4cc(C)cc(C)c43)ccc1N2c1ccccc1,c1cc(-c2cccc(-n3c4ccccc4c4ccccc43)c2)cc(-n2c3ccccc3c3ccccc32)c1,-0.2518119729937995
460,CC(C)c1cc(C(C)C)c(B2c3cc(N4c5ccccc5C(C)(C)c5ccccc54)ccc3N(c3ccccc3)c3ccc(N4c5ccccc5C(C)(C)c5ccccc54)cc32)c(C(C)C)c1,c1cc(-c2cccc(-n3c4ccccc4c4ccccc43)c2)cc(-n2c3ccccc3c3ccccc32)c1,-0.0222763947111522
461,CC(C)c1cc(C(C)C)c(B2c3cc(N4c5ccccc5Oc5ccccc54)ccc3N(c3ccccc3)c3ccc(N4c5ccccc5Oc5ccccc54)cc32)c(C(C)C)c1,c1cc(-c2cccc(-n3c4ccccc4c4ccccc43)c2)cc(-n2c3ccccc3c3ccccc32)c1,-0.00436480540245
468,O=c1c2ccccc2n2c3ccc(-c4ccccc4)cc3c(=O)c3cccc1c32,c1cc(-c2cccc(-n3c4ccccc4c4ccccc43)c2)cc(-n2c3ccccc3c3ccccc32)c1,-0.1366771398795441
469,O=c1c2ccccc2n2c3ccccc3c(=O)c3cc(-c4ccccc4)cc1c32,c1cc(-c2cccc(-n3c4ccccc4c4ccccc43)c2)cc(-n2c3ccccc3c3ccccc32)c1,-0.1674910872937636
470,CC1(C)c2ccccc2N(c2ccc3c(c2)c2ccccc2c2nc4ccccc4nc32)c2ccccc21,c1cc(-c2cccc(-n3c4ccccc4c4ccccc43)c2)cc(-n2c3ccccc3c3ccccc32)c1,-0.3767507096020995
471,CC1(C)c2ccccc2N(c2ccc3c(c2)c2cc(N4c5ccccc5C(C)(C)c5ccccc54)ccc2c2nc4ccccc4nc32)c2ccccc21,c1cc(-c2cccc(-n3c4ccccc4c4ccccc43)c2)cc(-n2c3ccccc3c3ccccc32)c1,-0.0757207139381183
472,CC1(C)c2ccccc2N(c2ccc3nc4c5ccc(N6c7ccccc7C(C)(C)c7ccccc76)cc5c5cc(N6c7ccccc7C(C)(C)c7ccccc76)ccc5c4nc3c2)c2ccccc21,c1cc(-c2cccc(-n3c4ccccc4c4ccccc43)c2)cc(-n2c3ccccc3c3ccccc32)c1,-0.0506099933550872
476,CC1(C)c2ccccc2N(c2ccc3c(c2)C(=O)c2ccc(N4c5ccccc5C(C)(C)c5ccccc54)cc2C3=O)c2ccccc21,c1ccc2c(c1)c1ccccc1n2-c1ccc(-c2ccc(-n3c4ccccc4c4ccccc43)cc2)cc1,-1.0969100130080565
481,CC(C)(C)c1cc(-c2cc3nc4c5ccc(N6c7ccccc7Oc7ccccc76)cc5c5cc(N6c7ccccc7Oc7ccccc76)ccc5c4nc3cc2-c2cc(C(C)(C)C)cc(C(C)(C)C)c2)cc(C(C)(C)C)c1,c1ccc2c(c1)c1ccccc1n2-c1ccc(-c2ccc(-n3c4ccccc4c4ccccc43)cc2)cc1,-0.0809219076239261
482,c1ccc2c(c1)Oc1ccccc1N2c1ccc2c(c1)c1cc(N3c4ccccc4Oc4ccccc43)ccc1c1nc3ccccc3nc21,c1ccc2c(c1)c1ccccc1n2-c1ccc(-c2ccc(-n3c4ccccc4c4ccccc43)cc2)cc1,-0.0757207139381183
485,O=C(/C=C(\O)c1ccc(N2c3ccccc3Oc3ccccc32)cc1)c1ccc(N2c3ccccc3Oc3ccccc32)cc1,c1ccc2c(c1)c1ccccc1n2-c1ccc(-c2ccc(-n3c4ccccc4c4ccccc43)cc2)cc1,-0.1674910872937636
486,CC(C)(C(=O)c1ccc(N2c3ccccc3Oc3ccccc32)cc1)C(=O)c1ccc(N2c3ccccc3Oc3ccccc32)cc1,c1ccc2c(c1)c1ccccc1n2-c1ccc(-c2ccc(-n3c4ccccc4c4ccccc43)cc2)cc1,-0.2676062401770314
487,CC1(C)c2ccccc2N(c2ccc(C(=O)/C=C(\O)c3ccc(N4c5ccccc5C(C)(C)c5ccccc54)cc3)cc2)c2ccccc21,c1ccc2c(c1)c1ccccc1n2-c1ccc(-c2ccc(-n3c4ccccc4c4ccccc43)cc2)cc1,-0.0655015487564322
488,CC(C)(C(=O)c1ccc(N2c3ccccc3C(C)(C)c3ccccc32)cc1)C(=O)c1ccc(N2c3ccccc3C(C)(C)c3ccccc32)cc1,c1ccc2c(c1)c1ccccc1n2-c1ccc(-c2ccc(-n3c4ccccc4c4ccccc43)cc2)cc1,-0.1938200260161128
491,c1ccc(-c2nnc(-c3ccc(N4c5ccccc5Oc5ccccc54)cc3)o2)cc1,c1ccc(-n2c(-c3c(-n4c5ccccc5c5ccccc54)cccc3-n3c4ccccc4c4ccccc43)nc3ccccc32)cc1,-0.0629838925351857
493,O=C1c2ccccc2S(=O)(=O)c2ccc(-n3c4ccccc4c4ccccc43)cc21,c1cc(-c2cccc(-n3c4ccccc4c4ccccc43)c2)cc(-n2c3ccccc3c3ccccc32)c1,-0.5287082889410615
494,O=C1c2cc(-n3c4ccccc4c4ccccc43)ccc2S(=O)(=O)c2ccc(-n3c4ccccc4c4ccccc43)cc21,c1cc(-c2cccc(-n3c4ccccc4c4ccccc43)c2)cc(-n2c3ccccc3c3ccccc32)c1,-0.4584207560534191
497,c1ccc(-c2nc(-c3ccccc3)nc(-c3ccc(-c4ccc5c(c4)C4(c6ccccc6-c6ccccc64)c4ccccc4N5c4ccccc4)cc3)n2)cc1,c1cc(-c2cccc(-n3c4ccccc4c4ccccc43)c2)cc(-n2c3ccccc3c3ccccc32)c1,-0.0861861476162833
498,Cc1cc(-c2nc(-c3ccccc3)nc(-c3ccccc3)n2)ccc1-c1ccc2c(c1)C1(c3ccccc3-c3ccccc31)c1ccccc1N2c1ccccc1,c1cc(-c2cccc(-n3c4ccccc4c4ccccc43)c2)cc(-n2c3ccccc3c3ccccc32)c1,0.0
499,Cc1cc(-c2nc(-c3ccccc3)nc(-c3ccccc3)n2)c(C)cc1-c1ccc2c(c1)C1(c3ccccc3-c3ccccc31)c1ccccc1N2c1ccccc1,c1cc(-c2cccc(-n3c4ccccc4c4ccccc43)c2)cc(-n2c3ccccc3c3ccccc32)c1,-0.0087739243075051
500,c1ccc(-c2nc(-c3ccccc3)nc(-c3ccc(-c4ccc5c(c4)C4(c6ccccc6-c6ccccc64)c4cc(-c6ccc(-c7nc(-c8ccccc8)nc(-c8ccccc8)n7)cc6)ccc4N5c4ccccc4)cc3)n2)cc1,c1cc(-c2cccc(-n3c4ccccc4c4ccccc43)c2)cc(-n2c3ccccc3c3ccccc32)c1,-0.0268721464003013
501,c1ccc(-c2nc(-c3ccccc3)nc(-c3ccc(-c4ccc5c(c4)[Si](c4ccccc4)(c4ccccc4)c4cc(-c6ccc(-c7nc(-c8ccccc8)nc(-c8ccccc8)n7)cc6)ccc4N5c4ccccc4)cc3)n2)cc1,c1cc(-c2cccc(-n3c4ccccc4c4ccccc43)c2)cc(-n2c3ccccc3c3ccccc32)c1,-0.0177287669604316
502,c1ccc2c(c1)Sc1ccc(-n3c4ccccc4c4ccccc43)cc1S2,CC1CCCCC1,-1.3979400086720375
503,c1ccc2c(c1)Sc1ccc(-n3c4ccccc4c4ccccc43)cc1S2,c1cc(-c2cccc(-n3c4ccccc4c4ccccc43)c2)cc(-n2c3ccccc3c3ccccc32)c1,-1.0
514,c12c3c4c5c1c1c6c7c2c2c8c3c3c9c4c4c%10c5c5c1c1c6c6c%11c%12c%13c%14c%15c%16c%17c%14c%14c%18c%13c%11c1c1c5c%10c5c(c%14c%10c%17c%11c%13c%16c%14c%16c%15c%12c%12c%16c(c2c7c%126)c2c8c3c(c%13c%142)c2c9c4c5c%10c%112)c%181,CC1CCCCC1,-3.2218487496163566
562,COc1ccsc1-c1ccc(-c2ccc(-c3sccc3OC)s2)s1,CCC(C)C,-0.6020599913279624
563,Cc1ccsc1-c1ccc(-c2ccc(-c3sccc3C)s2)s1,CCC(C)C,-0.721246399047171
564,CCCCCCCCCCc1cc(-c2cc(CCCCCCCCCC)c(-c3cccs3)s2)sc1-c1cccs1,CCC(C)C,-0.7958800173440752
652,N#Cc1ccc2nc3[nH]c(=O)[nH]c(=O)c3nc2c1,ClCCCl,-1.6575773191777938
653,N#Cc1ccc2nc3c(=O)[nH]c(=O)[nH]c3nc2c1,ClCCCl,-1.7958800173440752
702,C[n+]1ccc(/C=C/c2ccc(N(c3ccccc3)c3ccc(/C=C/c4cc[n+](C)cn4)cc3)cc2)nc1,OCC(O)CO,-1.585026652029182
747,O=S1(=O)c2ccc(-c3ccc4c(c3)c3ccccc3n4-c3ccccc3)cc2C2(c3cc(-c4ccc5c(c4)c4ccccc4n5-c4ccccc4)ccc31)c1cc(-c3ccc4c(c3)c3ccccc3n4-c3ccccc3)ccc1S(=O)(=O)c1ccc(-c3ccc4c(c3)c3ccccc3n4-c3ccccc3)cc12,CC1CCCO1,-0.0809219076239261
753,N#Cc1nc(-c2ccc(N3c4ccccc4Oc4ccccc43)cc2)c(-c2ccc(N3c4ccccc4Oc4ccccc43)cc2)nc1C#N,c1cc(-c2cccc(-n3c4ccccc4c4ccccc43)c2)cc(-n2c3ccccc3c3ccccc32)c1,-0.8239087409443188
762,CC1(C)c2ccccc2N(c2ccccc2)c2ccc(-c3ccc(-c4ccc5c(c4)C(C)(C)c4ccccc4N5c4ccccc4)c4nsnc34)cc21,c1ccc2c(c1)c1ccccc1n2-c1ccc(-c2ccc(-n3c4ccccc4c4ccccc43)cc2)cc1,-0.0362121726544447
763,O=c1c2ccc(-c3ccc(N(c4ccccc4)c4ccccc4)cc3)cc2sc2cccc(-c3ccc(N(c4ccccc4)c4ccccc4)cc3)c12,c1ccc2c(c1)c1ccccc1n2-c1ccc(-c2ccc(-n3c4ccccc4c4ccccc43)cc2)cc1,-1.6020599913279625
764,O=c1c2ccc(-c3ccc(N(c4ccccc4)c4ccccc4)cc3)cc2sc2cc(-c3ccc(N(c4ccccc4)c4ccccc4)cc3)ccc12,c1ccc2c(c1)c1ccccc1n2-c1ccc(-c2ccc(-n3c4ccccc4c4ccccc43)cc2)cc1,-0.4559319556497244
765,O=C1c2ccc(-c3ccc(N(c4ccccc4)c4ccccc4)cc3)cc2S(=O)(=O)c2cccc(-c3ccc(N(c4ccccc4)c4ccccc4)cc3)c21,c1ccc2c(c1)c1ccccc1n2-c1ccc(-c2ccc(-n3c4ccccc4c4ccccc43)cc2)cc1,-1.3979400086720375
766,O=C1c2ccc(-c3ccc(N(c4ccccc4)c4ccccc4)cc3)cc2S(=O)(=O)c2cc(-c3ccc(N(c4ccccc4)c4ccccc4)cc3)ccc21,c1ccc2c(c1)c1ccccc1n2-c1ccc(-c2ccc(-n3c4ccccc4c4ccccc43)cc2)cc1,-0.170696227168975
767,O=c1c2ccccc2n2c3ccc(-c4ccccc4)cc3c(=O)c3cccc1c32,c1cc(-n2c3ccccc3c3ccccc32)cc(-n2c3ccccc3c3ccccc32)c1,-0.1366771398795441
768,O=c1c2ccccc2n2c3ccccc3c(=O)c3cc(-c4ccccc4)cc1c32,c1cc(-n2c3ccccc3c3ccccc32)cc(-n2c3ccccc3c3ccccc32)c1,-0.1674910872937636
781,c1ccc(-c2nc(-c3ccccc3)nc(-c3ccc(-c4ccc(N5c6ccccc6[Si](c6ccccc6)(c6ccccc6)c6ccccc65)cc4)cc3)n2)cc1,c1cc(-n2c3ccccc3c3ccccc32)cc(-n2c3ccccc3c3ccccc32)c1,-0.4202164033831898
782,O=C(c1ccc(N2c3ccccc3[Si](c3ccccc3)(c3ccccc3)c3ccccc32)cc1)c1ccc(N2c3ccccc3[Si](c3ccccc3)(c3ccccc3)c3ccccc32)cc1,c1cc(-n2c3ccccc3c3ccccc32)cc(-n2c3ccccc3c3ccccc32)c1,-0.1549019599857432
783,O=S(=O)(c1ccc(N2c3ccccc3[Si](c3ccccc3)(c3ccccc3)c3ccccc32)cc1)c1ccc(N2c3ccccc3[Si](c3ccccc3)(c3ccccc3)c3ccccc32)cc1,c1cc(-n2c3ccccc3c3ccccc32)cc(-n2c3ccccc3c3ccccc32)c1,-0.6989700043360187
785,c1ccc(-c2nc(-c3ccccc3)nc(-c3cc(-n4c5ccccc5c5ccccc54)c(-n4c5ccccc5c5ncccc54)c(-n4c5ccccc5c5ccccc54)c3)n2)cc1,O=P(c1ccccc1)(c1ccccc1)c1ccc2oc3ccc(P(=O)(c4ccccc4)c4ccccc4)cc3c2c1,-0.1023729087095585
786,c1ccc(-c2nc(-c3ccccc3)nc(-c3cc(-n4c5ccccc5c5ncccc54)c(-n4c5ccccc5c5ncccc54)c(-n4c5ccccc5c5ncccc54)c3)n2)cc1,O=P(c1ccccc1)(c1ccccc1)c1ccc2oc3ccc(P(=O)(c4ccccc4)c4ccccc4)cc3c2c1,-0.2676062401770314
787,c1ccc(-c2nc(-c3ccccc3)nc(-c3cc(-n4c5ccccc5c5ccccc54)cc(-n4c5ccccc5c5ccccc54)c3)n2)cc1,O=P(c1ccccc1)(c1ccccc1)c1ccc2oc3ccc(P(=O)(c4ccccc4)c4ccccc4)cc3c2c1,-0.2365720064370627
788,c1ccc(-c2nc(-c3ccccc3)nc(-c3cc(-n4c5ccccc5c5ncccc54)cc(-n4c5ccccc5c5ncccc54)c3)n2)cc1,O=P(c1ccccc1)(c1ccccc1)c1ccc2oc3ccc(P(=O)(c4ccccc4)c4ccccc4)cc3c2c1,-0.6777807052660807
789,CC1(C)c2ccccc2N(c2ccc(-c3nc([C@]45CC6CC(C[C@@H](C6)C4)C5)nc([C@]45C[C@@H]6C[C@H](C[C@H](C6)C4)C5)n3)cc2)c2ccccc21,CC(C)(C)c1ccc(-n2c3ccc([Si](c4ccccc4)(c4ccccc4)c4ccccc4)cc3c3cc([Si](c4ccccc4)(c4ccccc4)c4ccccc4)ccc32)cc1,-0.0809219076239261
790,c1ccc2c(c1)-c1ccccc1C21c2ccccc2N(c2ccc(-c3nc([C@]45CC6CC(C[C@@H](C6)C4)C5)nc([C@]45C[C@@H]6C[C@H](C[C@H](C6)C4)C5)n3)cc2)c2ccccc21,CC(C)(C)c1ccc(-n2c3ccc([Si](c4ccccc4)(c4ccccc4)c4ccccc4)cc3c3cc([Si](c4ccccc4)(c4ccccc4)c4ccccc4)ccc32)cc1,-0.1191864077192086
791,c1ccc(C2(c3ccccc3)c3ccccc3N(c3ccc(-c4nc([C@]56CC7CC(C[C@@H](C7)C5)C6)nc([C@]56C[C@@H]7C[C@H](C[C@H](C7)C5)C6)n4)cc3)c3ccccc32)cc1,CC(C)(C)c1ccc(-n2c3ccc([Si](c4ccccc4)(c4ccccc4)c4ccccc4)cc3c3cc([Si](c4ccccc4)(c4ccccc4)c4ccccc4)ccc32)cc1,-0.1549019599857432
792,c1ccc2c(c1)-c1ccccc1C21c2ccccc2N(c2ccc(-c3nc([C@]45CC6CC(C[C@@H](C6)C4)C5)nc([C@]45C[C@@H]6C[C@H](C[C@H](C6)C4)C5)n3)cc2)c2ccccc21,Cc1cc(-n2c3ccccc3c3ccccc32)ccc1-c1ccc(-n2c3ccccc3c3ccccc32)cc1C,-0.4436974992327127
793,c1ccc2c(c1)-c1ccccc1C21c2ccccc2N(c2ccc(-c3nc([C@]45CC6CC(C[C@@H](C6)C4)C5)nc([C@]45C[C@@H]6C[C@H](C[C@H](C6)C4)C5)n3)cc2)c2ccccc21,CC1(C)c2ccccc2N(c2cccc(N3c4ccccc4C(C)(C)c4ccccc43)c2)c2ccccc21,-0.1739251972991735
794,c1ccc2c(c1)-c1ccccc1C21c2ccccc2N(c2ccc(-c3nc([C@]45CC6CC(C[C@@H](C6)C4)C5)nc([C@]45C[C@@H]6C[C@H](C[C@H](C6)C4)C5)n3)cc2)c2ccccc21,O=P(c1ccccc1)(c1ccccc1)c1ccc([Si](c2ccccc2)(c2ccccc2)c2ccccc2)cc1,-0.0757207139381183
801,Cc1ccc2c(c1)C1(c3ccccc3-c3ccccc31)c1cc(C)ccc1N2c1ccc(-c2nc(-c3ccccc3)cc(-c3ccccc3)n2)cc1,O=P(c1ccccc1)(c1ccccc1)c1ccc2oc3ccc(P(=O)(c4ccccc4)c4ccccc4)cc3c2c1,-0.0604807473813814
802,Cc1ccc2c(c1)C1(c3ccccc3Oc3ccccc31)c1cc(C)ccc1N2c1ccc(-c2nc(-c3ccccc3)cc(-c3ccccc3)n2)cc1,O=P(c1ccccc1)(c1ccccc1)c1ccc2oc3ccc(P(=O)(c4ccccc4)c4ccccc4)cc3c2c1,-0.1611509092627447
803,Cc1ccc2c(c1)C1(c3ccccc3-c3ccccc31)c1cc(C)ccc1N2c1ccc(-c2ncccn2)cc1,O=P(c1ccccc1)(c1ccccc1)c1ccc2oc3ccc(P(=O)(c4ccccc4)c4ccccc4)cc3c2c1,-0.0409586076789063
804,Cc1ccc2c(c1)C1(c3ccccc3Oc3ccccc31)c1cc(C)ccc1N2c1ccc(-c2ncccn2)cc1,O=P(c1ccccc1)(c1ccccc1)c1ccc2oc3ccc(P(=O)(c4ccccc4)c4ccccc4)cc3c2c1,-0.0457574905606751
805,CC1(C)c2ccccc2N(c2ccc(-c3ncccn3)cc2)c2ccccc21,O=P(c1ccccc1)(c1ccccc1)c1ccc2oc3ccc(P(=O)(c4ccccc4)c4ccccc4)cc3c2c1,-0.0809219076239261
806,CC1(C)c2ccccc2N(c2ccc3c(c2)C2(c4cc(N5c6ccccc6C(C)(C)c6ccccc65)ccc4-3)c3ccccc3S(=O)(=O)c3ccccc32)c2ccccc21,c1ccc2c(c1)c1ccccc1n2-c1ccc(N(c2ccc(-n3c4ccccc4c4ccccc43)cc2)c2ccc(-n3c4ccccc4c4ccccc43)cc2)cc1,-0.3872161432802645
811,CC(C)(C)c1ccc2c(c1)c1cc(C(C)(C)C)ccc1n2-c1ccc(S(=O)(=O)c2ccc(-n3c4ccc(C(C)(C)C)cc4c4cc(C(C)(C)C)ccc43)cn2)nc1,O=P(c1ccccc1)(c1ccccc1)c1ccc2sc3cccc(P(=O)(c4ccccc4)c4ccccc4)c3c2c1,-0.2076083105017461
812,CC(C)(C)c1ccc2c(c1)c1cc(C(C)(C)C)ccc1n2-c1ccc(S(=O)(=O)c2ccc(-n3c4ccc(C(C)(C)C)cc4c4cc(C(C)(C)C)ccc43)nc2)cn1,O=P(c1ccccc1)(c1ccccc1)c1ccc2sc3cccc(P(=O)(c4ccccc4)c4ccccc4)c3c2c1,-0.1739251972991735
813,O=C(c1ccccc1)c1cc2ccc1CCc1ccc(cc1-c1ccc(N(c3ccccc3)c3ccccc3)cc1)CC2,c1cc(-n2c3ccccc3c3ccccc32)cc(-n2c3ccccc3c3ccccc32)c1,-0.9208187539523752
814,O=C(c1ccccc1)c1cc2ccc1CCc1ccc(c(-c3ccc(N(c4ccccc4)c4ccccc4)cc3)c1)CC2,c1cc(-n2c3ccccc3c3ccccc32)cc(-n2c3ccccc3c3ccccc32)c1,-0.8239087409443188
815,c1ccc(-c2nc(-c3ccccc3)nc(-c3ccc(-n4c5ccccc5c5ccc6c7ccccc7n(-c7ccccc7)c6c54)cc3)n2)cc1,O=P(c1ccccc1)(c1ccccc1)c1ccc2oc3ccc(P(=O)(c4ccccc4)c4ccccc4)cc3c2c1,-0.0757207139381183
816,c1ccc(-c2nc(-c3ccccc3)nc(-c3ccc(-n4c5ccccc5c5ccc6c(c7ccccc7n6-c6ccccc6)c54)cc3)n2)cc1,O=P(c1ccccc1)(c1ccccc1)c1ccc2oc3ccc(P(=O)(c4ccccc4)c4ccccc4)cc3c2c1,-0.0457574905606751
817,c1ccc(-c2nc(-c3ccccc3)nc(-c3ccc(-n4c5ccccc5c5cc6c(cc54)c4ccccc4n6-c4ccccc4)cc3)n2)cc1,O=P(c1ccccc1)(c1ccccc1)c1ccc2oc3ccc(P(=O)(c4ccccc4)c4ccccc4)cc3c2c1,-0.0655015487564322
818,c1ccc(-c2nc(-c3ccccc3)nc(-c3ccc(-n4c5ccccc5c5cc6c7ccccc7n7c8ccccc8c(c54)c67)cc3)n2)cc1,O=P(c1ccccc1)(c1ccccc1)c1ccc2oc3ccc(P(=O)(c4ccccc4)c4ccccc4)cc3c2c1,-0.1674910872937636
827,N#Cc1cc(-n2c3ccccc3c3cccnc32)c(-n2c3ccccc3c3cccnc32)cc1C#N,c1cc(-n2c3ccccc3c3ccccc32)cc(-n2c3ccccc3c3ccccc32)c1,-0.431798275933005
828,N#Cc1cc(-n2c3ccccc3c3ncccc32)c(-n2c3ccccc3c3ncccc32)cc1C#N,c1cc(-n2c3ccccc3c3ccccc32)cc(-n2c3ccccc3c3ccccc32)c1,-0.0315170514460648
835,O=c1c2ccccc2n2c3ccccc3c(=O)c3cccc1c32,c1cc(-n2c3ccccc3c3ccccc32)cc(-n2c3ccccc3c3ccccc32)c1,-0.1402614338028531
836,CC1(C)c2ccccc2N(c2ccc3c(c2)c(=O)c2cccc4c(=O)c5cc(N6c7ccccc7C(C)(C)c7ccccc76)ccc5n3c24)c2ccccc21,c1ccc2c(c1)c1ccccc1n2-c1ccc(-c2ccc(-n3c4ccccc4c4ccccc43)cc2)cc1,-0.0467236633326956
898,C1=C/C2=C(\c3ccccc3)c3c[nH]c(c3)/C(c3ccccc3)=C3/C=CC(=N3)/C(c3ccccc3)=c3/cc/c([nH]3)=C(\c3ccccc3)C1=N2,CC(=O)N(C)C,-1.337242168318426
899,CC(C)(C)c1cc(/C2=C3\C=CC(=N3)/C(c3ccc([N+](=O)[O-])cc3)=c3/cc/c([nH]3)=C(\c3ccc([N+](=O)[O-])cc3)C3=N/C(=C(/c4cc(C(C)(C)C)cc(C(C)(C)C)c4)c4cc2c[nH]4)C=C3)cc(C(C)(C)C)c1,CC(=O)N(C)C,-1.619788758288394
900,C#Cc1ccc(/C2=c3\cc/c([nH]3)=C(\c3ccc(C#C)cc3)C3=N/C(=C(/c4cc(C(C)(C)C)cc(C(C)(C)C)c4)c4cc(c[nH]4)/C(c4cc(C(C)(C)C)cc(C(C)(C)C)c4)=C4/C=CC2=N4)C=C3)cc1,CC(=O)N(C)C,-1.238072161579471
901,CC(C)(C)c1cc(/C2=C3\C=CC(=N3)/C(c3ccc(Br)cc3)=c3/cc/c([nH]3)=C(\c3ccc(Br)cc3)C3=N/C(=C(/c4cc(C(C)(C)C)cc(C(C)(C)C)c4)c4cc2c[nH]4)C=C3)cc(C(C)(C)C)c1,CC(=O)N(C)C,-1.343901797987168
902,O=c1cc2cc(O)c3cccc4ccc(o1)c2c43,CC1CCCO1,-0.4559319556497244
903,O=c1cc2c(S(=O)(=O)O)c(O)c3cccc4ccc(o1)c2c43,CC1CCCO1,-0.6989700043360187
904,CCCCCCOc1cc2cc(=O)oc3ccc4cccc1c4c23,CC1CCCO1,-0.1307682802690238
905,O=c1cc2cc(O)c3c(O)ccc4ccc(o1)c2c43,CC1CCCO1,-0.2839966563652008
906,CCCCCCOc1ccc2ccc3oc(=O)cc4cc(OCCCCCC)c1c2c43,CC1CCCO1,-0.0809219076239261
907,O=c1cc2cc(O)c3cc(O)cc4ccc(o1)c2c43,CC1CCCO1,-0.4436974992327127
908,O=c1oc2ccc3cccc4c(O)c(Cl)c(c1Cl)c2c34,CC1CCCO1,-0.4814860601221125
909,O=c1cc2c(Br)c(O)c3cccc4ccc(o1)c2c43,CC1CCCO1,-0.8239087409443188
910,COc1c(Br)c2cc(=O)oc3ccc4cccc1c4c32,CC1CCCO1,-0.3467874862246563
911,COc1c(-c2c(OC)c3cccc4ccc5oc(=O)cc2c5c43)c2cc(=O)oc3ccc4cccc1c4c32,CC1CCCO1,-0.4559319556497244
912,O=c1cc2c(-c3c(O)c4cccc5ccc6oc(=O)cc3c6c54)c(O)c3cccc4ccc(o1)c2c43,CC1CCCO1,-0.8860566476931632
