SMILES,Solvent,Quantum yield
CN(C)c1ccc2nc3ccc(N(C)C)cc3[s+]c2c1,OCC(O)CO,-1.5228787452803376
O=C(O)CCCc1cc(C#Cc2ccccc2)c2ccc3c(C#Cc4ccccc4)cc(C#Cc4ccccc4)c4ccc1c2c34,ClC(Cl)(Cl)Cl,-0.25181197299379954
CCN(CC)c1ccc2nc3c4ccccc4c(=O)cc-3oc2c1,ClC(Cl)(Cl)Cl,-0.14874165128092473
CCN(CC)c1ccc2nc3c4ccccc4c(=O)cc-3oc2c1,CCCCOCCCC,-0.14266750356873156
CCN(CC)c1ccc2nc3c4ccccc4c(=O)cc-3oc2c1,CCCC#N,-0.11350927482751812
CCN(CC)c1ccc2nc3c4ccccc4c(=O)cc-3oc2c1,CC1COC(=O)O1,-0.14266750356873156
CCN(CC)c1ccc2nc3c4ccccc4c(=O)cc-3oc2c1,CCCCCCCCCCO,-0.1938200260161128
CCN(CC)c1ccc2nc3c4ccccc4c(=O)cc-3oc2c1,CCCCCO,-0.2218487496163564
CCN(CC)c1ccc2nc3c4ccccc4c(=O)cc-3oc2c1,OCCO,-0.4089353929735008
CCN(CC)c1ccc2nc3c4ccccc4c(=O)cc-3oc2c1,OCC(O)CO,-0.46852108295774486
CCN(CC)c1ccc2nc3c4ccccc4c(=O)cc-3oc2c1,OCC(F)(F)F,-0.619788758288394
CCN(CC)c1ccc2nc3c4ccccc4c(=O)cc-3oc2c1,OC(C(F)(F)F)C(F)(F)F,-1.0457574905606752
O=c1c2ccccc2sc2ccccc12,CCCCOC(C)=O,-2.1079053973095196
O=c1c2ccccc2sc2ccccc12,OCCO,-0.38721614328026455
Cc1ccc2sc3cc(CCC(=O)O)ccc3c(=O)c2c1,OCCO,-0.638272163982407
O=Cc1ccc(N(c2ccc(C=O)cc2)c2ccc(-c3ccc4c(c3)C(=O)c3ccccc3C4=O)cc2)cc1,ClC(Cl)(Cl)Cl,-0.9538952127539614
Nc1ccc(-c2ccc3c(c2)C(=O)c2ccccc2C3=O)cc1,ClC(Cl)(Cl)Cl,-0.5338741295818008
O=C1c2ccccc2C(=O)c2cc(-c3ccc(N(c4ccccc4)c4ccccc4)cc3)ccc21,ClC(Cl)(Cl)Cl,-0.48678239993206096
Cc1ccc(N(c2ccc(C)cc2)c2ccc(-c3ccc4c(c3)C(=O)c3ccccc3C4=O)cc2)cc1,ClC(Cl)(Cl)Cl,-0.6097716375308699
COc1ccc(N(c2ccc(OC)cc2)c2ccc(-c3ccc4c(c3)C(=O)c3ccccc3C4=O)cc2)cc1,ClC(Cl)(Cl)Cl,-1.269217724333611
CC1=CC(C)=[N+]2C1=C(c1ccccc1)c1c(C)cc(C)n1[B-]2(F)F,CC(=O)C(C)(C)C,-0.2596373105057561
COc1ccccc1C1=C2C(C)=CC(C)=[N+]2[B-](F)(F)n2c(C)cc(C)c21,CC(=O)C(C)(C)C,-0.13076828026902382
COc1cccc(OC)c1C1=C2C(C)=CC(C)=[N+]2[B-](F)(F)n2c(C)cc(C)c21,CC(=O)C(C)(C)C,-0.1938200260161128
COc1cc(OC)c(C2=C3C(C)=CC(C)=[N+]3[B-](F)(F)n3c(C)cc(C)c32)c(OC)c1,CC(=O)C(C)(C)C,-0.16115090926274472
Nc1ccc2c3cccc4cccc(c5cccc1c52)c43,CCCCOCCCC,-0.619788758288394
CC(=O)Nc1ccc2c3cccc4cccc(c5cccc1c52)c43,CCCCOCCCC,-0.3372421683184259
Clc1nc(Cl)nc(Nc2ccc3c4cccc5cccc(c6cccc2c63)c54)n1,CCCCOCCCC,-0.9208187539523752
COc1nc(Cl)nc(Nc2ccc3c4cccc5cccc(c6cccc2c63)c54)n1,CCCCOCCCC,-0.431798275933005
COc1nc(Nc2ccc3c4cccc5cccc(c6cccc2c63)c54)nc(OC)n1,CCCCOCCCC,-0.3372421683184259
Clc1nc(Nc2ccccc2)nc(Nc2ccc3c4cccc5cccc(c6cccc2c63)c54)n1,CCCCOCCCC,-0.3098039199714863
c1ccc(Nc2nc(Nc3ccccc3)nc(Nc3ccc4c5cccc6cccc(c7cccc3c74)c65)n2)cc1,CCCCOCCCC,-0.3010299956639812
FC(F)(F)C(F)(F)C(F)(F)C(F)(F)C(F)(F)C(F)(F)CCOc1nnc(Cl)nn1,OCC(F)(F)F,-0.585026652029182
FC(F)(F)C(F)(F)C(F)(F)C(F)(F)C(F)(F)C(F)(F)C(F)(F)C(F)(F)CCOc1nnc(Cl)nn1,OCC(F)(F)F,-0.5528419686577808
C=CCOc1nnc(OCCC(F)(F)C(F)(F)C(F)(F)C(F)(F)C(F)(F)C(F)(F)F)nn1,OCC(F)(F)F,-2.0
C=CCOc1nnc(OCCC(F)(F)C(F)(F)C(F)(F)C(F)(F)C(F)(F)C(F)(F)C(F)(F)C(F)(F)F)nn1,OCC(F)(F)F,-1.6989700043360187
COc1nnc(Cl)nn1,OCC(F)(F)F,-0.585026652029182
COc1nc(Cl)nc(Nc2ccc3cc4ccccc4cc3c2)n1,CCCCOCCCC,-0.6020599913279624
COc1nc(Nc2ccc3cc4ccccc4cc3c2)nc(OC)n1,CCCCOCCCC,-0.4089353929735008
Clc1nc(Nc2ccccc2)nc(Nc2ccc3cc4ccccc4cc3c2)n1,CCCCOCCCC,-0.4559319556497244
c1ccc(Nc2nc(Nc3ccccc3)nc(Nc3ccc4cc5ccccc5cc4c3)n2)cc1,CCCCOCCCC,-0.38721614328026455
Nc1ccc2ccc3cccc4ccc1c2c34,CCCCOCCCC,-0.21467016498923297
Nc1cc2ccc3cccc4ccc(c1)c2c34,CCCCOCCCC,-0.721246399047171
CC(=O)Nc1ccc2ccc3cccc4ccc1c2c34,CCCCOCCCC,-0.5686362358410126
CC(=O)Nc1cc2ccc3cccc4ccc(c1)c2c34,CCCCOCCCC,-1.0
Clc1nc(Cl)nc(Nc2cc3ccc4cccc5ccc(c2)c3c45)n1,CCCCOCCCC,-1.2218487496163564
COc1nc(Nc2ccc3ccc4cccc5ccc2c3c45)nc(OC)n1,CCCCOCCCC,-0.24412514432750865
COc1nc(Nc2cc3ccc4cccc5ccc(c2)c3c45)nc(OC)n1,CCCCOCCCC,-0.8239087409443188
c1ccc(Nc2nc(Nc3ccccc3)nc(Nc3ccc4ccc5cccc6ccc3c4c56)n2)cc1,CCCCOCCCC,-0.21467016498923297
c1ccc(Nc2nc(Nc3ccccc3)nc(Nc3cc4ccc5cccc6ccc(c3)c4c56)n2)cc1,CCCCOCCCC,-0.6777807052660807
CN(C)c1ccc(-c2ccc3n2[B-](F)(F)[N+]2=C(c4ccccc4)C=CC2=C3C(F)(F)F)cc1,ClC(Cl)(Cl)Cl,-0.46852108295774486
Cc1cc(=O)oc2c3c4c(cc12)CCCN4CCC3,CCCCl,-0.09691001300805639
Cc1cc(=O)oc2c3c4c(cc12)CCCN4CCC3,CCC#N,-0.045757490560675115
Cc1cc(=O)oc2c3c4c(cc12)CCCN4CCC3,OCC(F)(F)F,-0.07572071393811836
Cc1cc(=O)oc2c3c4c(cc12)CCCN4CCC3,OC(C(F)(F)F)C(F)(F)F,-0.06550154875643228
O=c1cc(C(F)(F)F)c2cc3c4c(c2o1)CCCN4CCC3,CCCCCCCl,-0.022276394711152253
O=c1cc(C(F)(F)F)c2cc3c4c(c2o1)CCCN4CCC3,CCCCl,-0.11350927482751812
O=c1cc(C(F)(F)F)c2cc3c4c(c2o1)CCCN4CCC3,CCC#N,-0.11918640771920865
O=c1cc(C(F)(F)F)c2cc3c4c(c2o1)CCCN4CCC3,OCC(F)(F)F,-0.3279021420642826
COc1ncccc1B(O)O,CCCCCCCCO,-0.4988037579729113
COc1ncccc1B(O)O,CCCCCCCC,-0.1544059068399757
Cc1cc(C#Cc2ccccc2)c2ccc3c(C#Cc4ccccc4)cc(C#Cc4ccccc4)c4ccc1c2c43,ClC(Cl)(Cl)Cl,-0.25181197299379954
N#Cc1c(-n2c3ccccc3c3ccccc32)c(C#N)c(-n2c3ccccc3c3ccccc32)c(-n2c3ccccc3c3ccccc32)c1-n1c2ccccc2c2ccccc21,c1ccc2c(c1)c1ccccc1n2-c1ccc(-c2ccc(-n3c4ccccc4c4ccccc43)cc2)cc1,-0.08092190762392612
CC(C)(C)c1ccc(-c2nnc(-c3c(-n4c5ccccc5c5ccccc54)c(-n4c5ccccc5c5ccccc54)c(-c4nnc(-c5ccc(C(C)(C)C)cc5)o4)c(-n4c5ccccc5c5ccccc54)c3-n3c4ccccc4c4ccccc43)o2)cc1,c1cc(-n2c3ccccc3c3ccccc32)nc(-n2c3ccccc3c3ccccc32)c1,-0.05060999335508721
N#Cc1cc(-n2c3ccccc3c3ccccc32)c(C#N)cc1-n1c2ccccc2c2ccccc21,c1ccc2c(c1)c1ccccc1n2P1(n2c3ccccc3c3ccccc32)=NP(n2c3ccccc3c3ccccc32)(n2c3ccccc3c3ccccc32)=NP(n2c3ccccc3c3ccccc32)(n2c3ccccc3c3ccccc32)=N1,-0.07058107428570728
N#Cc1cc(-n2c3ccccc3c3ccccc32)c(C#N)cc1-n1c2ccccc2c2ccccc21,c1cc(-c2cccc(-n3c4ccccc4c4ccccc43)c2)cc(-n2c3ccccc3c3ccccc32)c1,-0.060480747381381476
N#Cc1c(-n2c3ccccc3c3ccccc32)c(-n2c3ccccc3c3ccccc32)c(-n2c3ccccc3c3ccccc32)c(-n2c3ccccc3c3ccccc32)c1-n1c2ccccc2c2ccccc21,c1cc(-c2cccc(-n3c4ccccc4c4ccccc43)c2)cc(-n2c3ccccc3c3ccccc32)c1,-0.18708664335714442
N#Cc1c(-n2c3ccccc3c3ccccc32)c(-n2c3ccc(-c4ccccc4)cc3c3cc(-c4ccccc4)ccc32)c(-n2c3ccccc3c3ccccc32)c(-n2c3ccc(-c4ccccc4)cc3c3cc(-c4ccccc4)ccc32)c1-n1c2ccccc2c2ccccc21,c1cc(-c2cccc(-n3c4ccccc4c4ccccc43)c2)cc(-n2c3ccccc3c3ccccc32)c1,-0.09691001300805639
Cc1cc(-n2c3ccccc3c3ccccc32)c(-n2c3ccccc3c3ccccc32)cc1C#N,c1cc(-c2cccc(-n3c4ccccc4c4ccccc43)c2)cc(-n2c3ccccc3c3ccccc32)c1,-0.05060999335508721
Cc1cc(-n2c3ccccc3c3ccccc32)c(-n2c3ccccc3c3ccccc32)cc1C#N,c1ccc2c(c1)c1ccccc1n2-c1ccc2sc3ccc(-n4c5ccccc5c5ccccc54)cc3c2c1,-0.07520400420208784
Cc1cc(-n2c3ccccc3c3ccccc32)c(-n2c3ccccc3c3ccccc32)cc1C#N,c1ccc2c(c1)c1ccccc1n2-c1ccc2sc3ccc(-n4c5ccccc5c5cccnc54)cc3c2c1,-0.00788851221305034
Cc1cc(-n2c3ccccc3c3ccccc32)c(-n2c3ccccc3c3ccccc32)cc1C#N,c1ccc2c(c1)c1cccnc1n2-c1ccc2sc3ccc(-n4c5ccccc5c5cccnc54)cc3c2c1,-0.056011124926228104
CC1(C)c2ccccc2N(c2cc(C#N)c(C#N)cc2N2c3ccccc3C(C)(C)c3ccccc32)c2ccccc21,c1ccc2c(c1)c1ccccc1n2-c1ccc(-c2ccc(-n3c4ccccc4c4ccccc43)cc2)cc1,-0.22841251911874466
N#Cc1cc(N2c3ccccc3Oc3ccccc32)c(N2c3ccccc3Oc3ccccc32)cc1C#N,c1ccc2c(c1)c1ccccc1n2-c1ccc(-c2ccc(-n3c4ccccc4c4ccccc43)cc2)cc1,-1.193820026016113
N#Cc1cc(N2c3ccccc3Sc3ccccc32)c(N2c3ccccc3Sc3ccccc32)cc1C#N,c1ccc2c(c1)c1ccccc1n2-c1ccc(-c2ccc(-n3c4ccccc4c4ccccc43)cc2)cc1,-1.337242168318426
N#Cc1c(-n2c3ccccc3c3ccccc32)nc(-n2c3ccccc3c3ccccc32)c(C#N)c1-c1ccccc1,c1cc(-c2cccc(-n3c4ccccc4c4ccccc43)c2)cc(-n2c3ccccc3c3ccccc32)c1,-0.3036436112666679
N#Cc1c(-n2c3ccccc3c3ccccc32)c(F)c(-n2c3ccccc3c3ccccc32)c(F)c1-n1c2ccccc2c2ccccc21,c1ccc([Si](c2ccccc2)(c2ccc(-n3c4ccccc4c4ccccc43)cc2)c2ccc(-n3c4ccccc4c4ccccc43)cc2)cc1,-0.13076828026902382
N#Cc1c(-n2c3ccccc3c3ccccc32)c(F)c(-n2c3ccccc3c3ccccc32)c(-n2c3ccccc3c3ccccc32)c1-n1c2ccccc2c2ccccc21,c1ccc([Si](c2ccccc2)(c2ccc(-n3c4ccccc4c4ccccc43)cc2)c2ccc(-n3c4ccccc4c4ccccc43)cc2)cc1,0.0
Cc1c(C)c(B(c2c(C)c(C)c(C#N)c(C)c2C)c2c(C)c(C)c(N3c4ccccc4Oc4ccccc43)c(C)c2C)c(C)c(C)c1C#N,c1ccc([Si](c2ccccc2)(c2ccc(-n3c4ccccc4c4ccccc43)cc2)c2ccc(-n3c4ccccc4c4ccccc43)cc2)cc1,-0.17392519729917355
Cc1c(C)c(B(c2c(C)c(C)c(N3c4ccccc4Oc4ccccc43)c(C)c2C)c2c(C)c(C)c(N3c4ccccc4Oc4ccccc43)c(C)c2C)c(C)c(C)c1C#N,c1ccc([Si](c2ccccc2)(c2ccc(-n3c4ccccc4c4ccccc43)cc2)c2ccc(-n3c4ccccc4c4ccccc43)cc2)cc1,-0.12493873660829995
COc1ccc2cc3c(C)cc(=O)oc3cc2c1,OCC(F)(F)F,-0.4814860601221125
O=C1c2ccccc2-c2ccc(Nc3nc(Cl)nc(Cl)n3)c3cccc1c23,CCCCOCCCC,-1.6989700043360187
O=C1c2ccccc2-c2ccc(Nc3nc(Cl)nc(Cl)n3)c3cccc1c23,Clc1ccccc1,-0.638272163982407
O=C1c2ccccc2-c2ccc(Nc3nc(Cl)nc(Cl)n3)c3cccc1c23,N#Cc1ccccc1,-0.36653154442041347
O=C1c2ccccc2-c2ccc(Nc3nc(Cl)nc(Cl)n3)c3cccc1c23,O=C1CCCCC1,-0.494850021680094
COc1nc(Cl)nc(Nc2ccc3c4c(cccc24)C(=O)c2ccccc2-3)n1,CCCCOCCCC,-1.3010299956639813
COc1nc(Cl)nc(Nc2ccc3c4c(cccc24)C(=O)c2ccccc2-3)n1,Clc1ccccc1,-0.3010299956639812
COc1nc(Cl)nc(Nc2ccc3c4c(cccc24)C(=O)c2ccccc2-3)n1,N#Cc1ccccc1,-0.23657200643706275
COc1nc(Cl)nc(Nc2ccc3c4c(cccc24)C(=O)c2ccccc2-3)n1,O=C1CCCCC1,-0.2924298239020636
COc1nc(Nc2ccc3c4c(cccc24)C(=O)c2ccccc2-3)nc(OC)n1,CCCCOCCCC,-0.6575773191777937
COc1nc(Nc2ccc3c4c(cccc24)C(=O)c2ccccc2-3)nc(OC)n1,Clc1ccccc1,-0.1804560644581313
COc1nc(Nc2ccc3c4c(cccc24)C(=O)c2ccccc2-3)nc(OC)n1,N#Cc1ccccc1,-0.1938200260161128
COc1nc(Nc2ccc3c4c(cccc24)C(=O)c2ccccc2-3)nc(OC)n1,O=C1CCCCC1,-0.17392519729917355
COc1ccc2c3c(cccc13)C(=O)c1ccccc1-2,CCCCOCCCC,-2.0
COc1ccc2c3c(cccc13)C(=O)c1ccccc1-2,Clc1ccccc1,-0.38721614328026455
COc1ccc2c3c(cccc13)C(=O)c1ccccc1-2,N#Cc1ccccc1,-0.16115090926274472
COc1ccc2c3c(cccc13)C(=O)c1ccccc1-2,O=C1CCCCC1,-0.24412514432750865
CC(=O)Nc1ccc2c3c(cccc13)C(=O)c1ccccc1-2,CCCCOCCCC,-1.154901959985743
CC(=O)Nc1ccc2c3c(cccc13)C(=O)c1ccccc1-2,Clc1ccccc1,-0.2924298239020636
CC(=O)Nc1ccc2c3c(cccc13)C(=O)c1ccccc1-2,N#Cc1ccccc1,-0.20760831050174613
CC(=O)Nc1ccc2c3c(cccc13)C(=O)c1ccccc1-2,O=C1CCCCC1,-0.1938200260161128
Nc1ccc2c3c(cccc13)C(=O)c1ccccc1-2,CCCCOCCCC,-0.46852108295774486
Nc1ccc2c3c(cccc13)C(=O)c1ccccc1-2,Clc1ccccc1,-0.6020599913279624
Nc1ccc2c3c(cccc13)C(=O)c1ccccc1-2,N#Cc1ccccc1,-0.8538719643217619
Nc1ccc2c3c(cccc13)C(=O)c1ccccc1-2,O=C1CCCCC1,-0.8239087409443188
CN(CCO)c1ccc(/N=N/c2ccc([N+](=O)[O-])cc2)cc1,OCCO,-2.853871964321762
CN(CCO)c1ccc(/N=N/c2ccc([N+](=O)[O-])cc2)cc1,OCC(O)CO,-2.958607314841775
CN(CCO)c1ccc(/N=N/c2ccc([N+](=O)[O-])cc2)cc1,Oc1ccccc1,-4.366531544420414
CC(C)(C)c1cc2c3cc(C(C)(C)C)c(-c4cc5cc6c7cccc8cccc(c9cc(C(C)(C)C)cc(c5cc4C(C)(C)C)c96)c87)cc3cc3c4cccc5cccc(c(c1)c23)c54,CC1CCCCC1,-0.1938200260161128
CC(C)(C)c1ccc2cc3c4cccc5cccc(c6cc(C(C)(C)C)cc(c2c1)c63)c54,CC1CCCCC1,-0.13076828026902382
CCCCCCOc1ccc(C#Cc2ccc(C#Cc3ccc(OCCCCCC)c(OCCCCCC)c3)c3nsnc23)cc1OCCCCCC,COc1ccccc1,-0.24412514432750865
CCCCCCOc1ccc(C#Cc2ccc(C#Cc3ccc(OCCCCCC)c(OCCCCCC)c3)c3nsnc23)cc1OCCCCCC,ClCCCl,-0.3372421683184259
CCCCCCOc1ccc(C#Cc2ccc(C#CC#Cc3ccc(C#Cc4ccc(OCCCCCC)c(OCCCCCC)c4)c4nsnc34)c3nsnc23)cc1OCCCCCC,COc1ccccc1,-0.36653154442041347
CCCCCCOc1ccc(C#Cc2ccc(C#CC#Cc3ccc(C#Cc4ccc(OCCCCCC)c(OCCCCCC)c4)c4nsnc34)c3nsnc23)cc1OCCCCCC,ClCCCl,-0.5686362358410126
CCCCCCOc1ccc(C#Cc2ccc(-c3ccc(-c4ccc(C#Cc5ccc(OCCCCCC)c(OCCCCCC)c5)s4)c4nsnc34)s2)cc1OCCCCCC,COc1ccccc1,-0.3187587626244128
CCCCCCOc1ccc(C#Cc2ccc(-c3ccc(-c4ccc(C#Cc5ccc(OCCCCCC)c(OCCCCCC)c5)s4)c4nsnc34)s2)cc1OCCCCCC,ClCCCl,-0.46852108295774486
CCCCCCC(CCCCCC)n1c(=O)c2c3ccc4cccc5c6cccc7ccc(c2c1=O)c(c76)c3c45,ClC(Cl)(Cl)Cl,-0.431798275933005
COC(=O)C(Cc1ccc2oc(-c3ccc(N(C)c4ccccc4)cc3)nc2c1)NC(=O)OC(C)(C)C,CC(C)CO,-0.6989700043360187
COC(=O)C(Cc1ccc2oc(-c3ccc(N(C)c4ccccc4)cc3)nc2c1)NC(=O)OC(C)(C)C,CCCCCO,-0.5528419686577808
COC(=O)C(Cc1ccc2oc(-c3ccc(N(C)c4ccccc4)cc3)nc2c1)NC(=O)OC(C)(C)C,CCCCCCO,-0.6575773191777937
COC(=O)C(Cc1ccc2oc(-c3ccc(N(C)c4ccccc4)cc3)nc2c1)NC(=O)OC(C)(C)C,OC1CCCCC1,-0.744727494896694
COC(=O)C(Cc1ccc2oc(-c3ccc(N(C)c4ccccc4)cc3)nc2c1)NC(=O)OC(C)(C)C,CCCCCCCO,-0.6777807052660807
COC(=O)C(Cc1ccc2oc(-c3ccc(N(C)c4ccccc4)cc3)nc2c1)NC(=O)OC(C)(C)C,OCCO,-1.5228787452803376
COC(=O)C(Cc1ccc2oc(-c3ccc(N(C)c4ccccc4)cc3)nc2c1)NC(=O)OC(C)(C)C,CC(O)CO,-0.958607314841775
COC(=O)C(Cc1ccc2oc(-c3ccc(N(C)c4ccccc4)cc3)nc2c1)NC(=O)OC(C)(C)C,NC=O,-1.6989700043360187
COC(=O)C(Cc1ccc2oc(-c3ccc(N(C)c4ccccc4)cc3)nc2c1)NC(=O)OC(C)(C)C,CCCCC,0.0
COC(=O)C(Cc1ccc2oc(-c3ccc(N(C)c4ccccc4)cc3)nc2c1)NC(=O)OC(C)(C)C,CCC(C)CC,-0.01322826573375516
COC(=O)C(Cc1ccc2oc(-c3ccc(N(C)c4ccccc4)cc3)nc2c1)NC(=O)OC(C)(C)C,CC(C)CC(C)(C)C,0.0
COC(=O)C(Cc1ccc2oc(-c3ccc(N(C)c4ccccc4)cc3)nc2c1)NC(=O)OC(C)(C)C,CCCCCCCCC,-0.022276394711152253
COC(=O)C(Cc1ccc2oc(-c3ccc(N(C)c4ccccc4)cc3)nc2c1)NC(=O)OC(C)(C)C,CCCCCCCCCC,0.0
COC(=O)C(Cc1ccc2oc(-c3ccc(N(C)c4ccccc4)cc3)nc2c1)NC(=O)OC(C)(C)C,COCCOC,-1.154901959985743
COC(=O)C(Cc1ccc2oc(-c3ccc(N(C)c4ccccc4)cc3)nc2c1)NC(=O)OC(C)(C)C,CC1CCCO1,-0.28399665636520083
COC(=O)C(Cc1ccc2oc(-c3ccc(N(C)c4ccccc4)cc3)nc2c1)NC(=O)OC(C)(C)C,CC1COC(=O)O1,-0.958607314841775
COC(=O)C(Cc1ccc2oc(-c3ccc(N(C)c4ccccc4)cc3)nc2c1)NC(=O)OC(C)(C)C,Cc1ccccc1C,-0.07572071393811836
COC(=O)C(Cc1ccc2oc(-c3ccc(N(C)C)cc3)nc2c1)NC(=O)OC(C)(C)C,CC(C)CO,0.0
COC(=O)C(Cc1ccc2oc(-c3ccc(N(C)C)cc3)nc2c1)NC(=O)OC(C)(C)C,CCCCCO,0.0
COC(=O)C(Cc1ccc2oc(-c3ccc(N(C)C)cc3)nc2c1)NC(=O)OC(C)(C)C,CCCCCCO,0.0
COC(=O)C(Cc1ccc2oc(-c3ccc(N(C)C)cc3)nc2c1)NC(=O)OC(C)(C)C,OC1CCCCC1,-0.040958607678906384
COC(=O)C(Cc1ccc2oc(-c3ccc(N(C)C)cc3)nc2c1)NC(=O)OC(C)(C)C,CCCCCCCO,0.0
COC(=O)C(Cc1ccc2oc(-c3ccc(N(C)C)cc3)nc2c1)NC(=O)OC(C)(C)C,OCCO,-0.11918640771920865
COC(=O)C(Cc1ccc2oc(-c3ccc(N(C)C)cc3)nc2c1)NC(=O)OC(C)(C)C,CC(O)CO,-0.004364805402450088
COC(=O)C(Cc1ccc2oc(-c3ccc(N(C)C)cc3)nc2c1)NC(=O)OC(C)(C)C,NC=O,-0.14874165128092473
COC(=O)C(Cc1ccc2oc(-c3ccc(N(C)C)cc3)nc2c1)NC(=O)OC(C)(C)C,CCCCC,-0.022276394711152253
COC(=O)C(Cc1ccc2oc(-c3ccc(N(C)C)cc3)nc2c1)NC(=O)OC(C)(C)C,CCC(C)CC,-0.036212172654444715
COC(=O)C(Cc1ccc2oc(-c3ccc(N(C)C)cc3)nc2c1)NC(=O)OC(C)(C)C,CC(C)CC(C)(C)C,-0.022276394711152253
COC(=O)C(Cc1ccc2oc(-c3ccc(N(C)C)cc3)nc2c1)NC(=O)OC(C)(C)C,CCCCCCCCC,0.0
COC(=O)C(Cc1ccc2oc(-c3ccc(N(C)C)cc3)nc2c1)NC(=O)OC(C)(C)C,CCCCCCCCCC,-0.03151705144606486
COC(=O)C(Cc1ccc2oc(-c3ccc(N(C)C)cc3)nc2c1)NC(=O)OC(C)(C)C,COCCOC,-0.1549019599857432
COC(=O)C(Cc1ccc2oc(-c3ccc(N(C)C)cc3)nc2c1)NC(=O)OC(C)(C)C,CC1CCCO1,0.0
COC(=O)C(Cc1ccc2oc(-c3ccc(N(C)C)cc3)nc2c1)NC(=O)OC(C)(C)C,CC(C)OC(C)C,0.0
COC(=O)C(Cc1ccc2oc(-c3ccc(N(C)C)cc3)nc2c1)NC(=O)OC(C)(C)C,CC1COC(=O)O1,0.0
COC(=O)C(Cc1ccc2oc(-c3ccc(N(C)C)cc3)nc2c1)NC(=O)OC(C)(C)C,Cc1ccccc1C,-0.004364805402450088
COC(=O)C(Cc1ccc2oc(-c3ccc(Nc4ccccc4)cc3)nc2c1)NC(=O)OC(C)(C)C,CC(C)CO,-0.10790539730951958
COC(=O)C(Cc1ccc2oc(-c3ccc(Nc4ccccc4)cc3)nc2c1)NC(=O)OC(C)(C)C,CCCCCO,-0.21467016498923297
COC(=O)C(Cc1ccc2oc(-c3ccc(Nc4ccccc4)cc3)nc2c1)NC(=O)OC(C)(C)C,CCCCCCO,-0.3187587626244128
COC(=O)C(Cc1ccc2oc(-c3ccc(Nc4ccccc4)cc3)nc2c1)NC(=O)OC(C)(C)C,OC1CCCCC1,-0.5376020021010439
COC(=O)C(Cc1ccc2oc(-c3ccc(Nc4ccccc4)cc3)nc2c1)NC(=O)OC(C)(C)C,CCCCCCCO,-0.3010299956639812
COC(=O)C(Cc1ccc2oc(-c3ccc(Nc4ccccc4)cc3)nc2c1)NC(=O)OC(C)(C)C,OCCO,-1.5228787452803376
COC(=O)C(Cc1ccc2oc(-c3ccc(Nc4ccccc4)cc3)nc2c1)NC(=O)OC(C)(C)C,CC(O)CO,-1.0457574905606752
COC(=O)C(Cc1ccc2oc(-c3ccc(Nc4ccccc4)cc3)nc2c1)NC(=O)OC(C)(C)C,NC=O,-2.0
COC(=O)C(Cc1ccc2oc(-c3ccc(Nc4ccccc4)cc3)nc2c1)NC(=O)OC(C)(C)C,CCCCC,0.0
COC(=O)C(Cc1ccc2oc(-c3ccc(Nc4ccccc4)cc3)nc2c1)NC(=O)OC(C)(C)C,CCC(C)CC,0.0
COC(=O)C(Cc1ccc2oc(-c3ccc(Nc4ccccc4)cc3)nc2c1)NC(=O)OC(C)(C)C,CC(C)CC(C)(C)C,0.0
COC(=O)C(Cc1ccc2oc(-c3ccc(Nc4ccccc4)cc3)nc2c1)NC(=O)OC(C)(C)C,CCCCCCCCC,-0.00877392430750515
COC(=O)C(Cc1ccc2oc(-c3ccc(Nc4ccccc4)cc3)nc2c1)NC(=O)OC(C)(C)C,CCCCCCCCCC,0.0
COC(=O)C(Cc1ccc2oc(-c3ccc(Nc4ccccc4)cc3)nc2c1)NC(=O)OC(C)(C)C,COCCOC,-1.0969100130080565
COC(=O)C(Cc1ccc2oc(-c3ccc(Nc4ccccc4)cc3)nc2c1)NC(=O)OC(C)(C)C,CC1CCCO1,-0.2596373105057561
COC(=O)C(Cc1ccc2oc(-c3ccc(Nc4ccccc4)cc3)nc2c1)NC(=O)OC(C)(C)C,CC(C)OC(C)C,-0.16115090926274472
COC(=O)C(Cc1ccc2oc(-c3ccc(Nc4ccccc4)cc3)nc2c1)NC(=O)OC(C)(C)C,CC1COC(=O)O1,-0.5086383061657274
COC(=O)C(Cc1ccc2oc(-c3ccc(Nc4ccccc4)cc3)nc2c1)NC(=O)OC(C)(C)C,Cc1ccccc1C,-0.036212172654444715
C(=C/c1c2ccccc2cc2ccccc12)\c1ccccc1,CC1CCCCC1,-0.3372421683184259
C(=C/c1c2ccccc2cc2ccccc12)\c1cccc2ccccc12,CC1CCCCC1,-0.36653154442041347
C(=C/c1ccnc2ccccc12)\c1c2ccccc2cc2ccccc12,CC1CCCCC1,-0.44369749923271273
C(=C/c1c2ccccc2cc2ccccc12)\c1ccc2ccccc2c1,CC1CCCCC1,-0.14266750356873156
C(=C/c1c2ccccc2cc2ccccc12)\c1ccc2ccccc2n1,CC1CCCCC1,-0.38721614328026455
C(=C/c1c2ccccc2cc2ccccc12)\c1cnc2ccccc2c1,CC1CCCCC1,-0.1549019599857432
CCCCCCCCCCCCCCCCOc1cc(C#Cc2ccc3ccccc3c2)c(OCCCCCCCCCCCCCCCC)cc1C#Cc1ccc(C=C(C#N)C#N)cc1,ClC(Cl)(Cl)Cl,-0.09151498112135022
CCCCCCCCCCCCCCCCOc1cc(C#Cc2ccc3ccccc3c2)c(OCCCCCCCCCCCCCCCC)cc1C#Cc1ccc(C=C(C#N)C#N)cc1,CCCCOCCCC,-0.09151498112135022
CCCCCCCCCCCCCCCCOc1cc(C#Cc2ccc3ccccc3c2)c(OCCCCCCCCCCCCCCCC)cc1C#Cc1ccc(C=C(C#N)C#N)cc1,Brc1ccccc1,-0.36653154442041347
CCCCCCCCCCCCCCCCOc1cc(C#Cc2ccc3ccccc3c2)c(OCCCCCCCCCCCCCCCC)cc1C#Cc1ccc(C=C(C#N)C#N)cc1,CCCCCCCCO,-0.4559319556497244
CCCCCCCCCCCCCCCCOc1cc(C#Cc2ccc3ccccc3c2-c2c(C#Cc3cc(OCCCCCCCCCCCCCCCC)c(C#Cc4ccc(C=C(C#N)C#N)cc4)cc3OCCCCCCCCCCCCCCCC)ccc3ccccc23)c(OCCCCCCCCCCCCCCCC)cc1C#Cc1ccc(C=C(C#N)C#N)cc1,ClC(Cl)(Cl)Cl,-0.022276394711152253
CCCCCCCCCCCCCCCCOc1cc(C#Cc2ccc3ccccc3c2-c2c(C#Cc3cc(OCCCCCCCCCCCCCCCC)c(C#Cc4ccc(C=C(C#N)C#N)cc4)cc3OCCCCCCCCCCCCCCCC)ccc3ccccc23)c(OCCCCCCCCCCCCCCCC)cc1C#Cc1ccc(C=C(C#N)C#N)cc1,CCCCOCCCC,-0.01322826573375516
CCCCCCCCCCCCCCCCOc1cc(C#Cc2ccc3ccccc3c2-c2c(C#Cc3cc(OCCCCCCCCCCCCCCCC)c(C#Cc4ccc(C=C(C#N)C#N)cc4)cc3OCCCCCCCCCCCCCCCC)ccc3ccccc23)c(OCCCCCCCCCCCCCCCC)cc1C#Cc1ccc(C=C(C#N)C#N)cc1,Brc1ccccc1,-0.2006594505464183
CCCCCCCCCCCCCCCCOc1cc(C#Cc2ccc3ccccc3c2-c2c(C#Cc3cc(OCCCCCCCCCCCCCCCC)c(C#Cc4ccc(C=C(C#N)C#N)cc4)cc3OCCCCCCCCCCCCCCCC)ccc3ccccc23)c(OCCCCCCCCCCCCCCCC)cc1C#Cc1ccc(C=C(C#N)C#N)cc1,CCCCCCCCO,-0.28399665636520083
CCCCCCC(CCCCCC)N1C(=O)c2cccc3c(-c4ccccc4)ccc(c23)C1=O,CCCCCCCCCCCCCC,-1.0268721464003014
CCCCCCC(CCCCCC)N1C(=O)c2cccc3c(-c4ccccc4)ccc(c23)C1=O,CCCCCCCCCCCO,-0.11918640771920865
CCCCCCC(CCCCCC)N1C(=O)c2cccc3c(-c4ccc(OC)cc4)ccc(c23)C1=O,CCCCCCCCCCCCCC,-0.10237290870955855
CCCCCCC(CCCCCC)N1C(=O)c2cccc3c(-c4ccc(OC)cc4)ccc(c23)C1=O,CCCCCCCCCCCO,-0.08092190762392612
CCCCCCC(CCCCCC)N1C(=O)c2cccc3c(-c4ccc(N(C)C)cc4)ccc(c23)C1=O,CCCCCCCCCCCCCC,-0.1366771398795441
CCCCCCC(CCCCCC)N1C(=O)c2cccc3c(-c4ccc(N(C)C)cc4)ccc(c23)C1=O,CCCCCCCCCCCO,-0.8538719643217619
CCCCCCC(CCCCCC)N1C(=O)c2cccc3c(-c4cc(OC)c(OC)c(OC)c4)ccc(c23)C1=O,CCCCCCCCCCCCCC,-0.2924298239020636
CCCCCCC(CCCCCC)N1C(=O)c2cccc3c(-c4cc(OC)c(OC)c(OC)c4)ccc(c23)C1=O,CCCCCCCCCCCO,-0.585026652029182
CCCCCCC(CCCCCC)N1C(=O)c2cccc3c(-c4ccc(OC)c5ccccc45)ccc(c23)C1=O,CCCCCCCCCCCCCC,-0.46852108295774486
CCCCCCC(CCCCCC)N1C(=O)c2cccc3c(-c4ccc(OC)c5ccccc45)ccc(c23)C1=O,CCCCCCCCCCCO,-0.638272163982407
CCCCCCC(CCCCCC)N1C(=O)c2cccc3c(-c4ccc(OC)c5cccc(C)c45)ccc(c23)C1=O,CCCCCCCCCCCCCC,-0.46852108295774486
CCCCCCC(CCCCCC)N1C(=O)c2cccc3c(-c4ccc(OC)c5cccc(C)c45)ccc(c23)C1=O,CCCCCCCCCCCO,-0.5528419686577808
CCCCCCC(CCCCCC)N1C(=O)c2cccc3c(-c4ccc([Si](C)(C)C)cc4)ccc(c23)C1=O,CCCCCCCCCCCCCC,-0.744727494896694
CCCCCCC(CCCCCC)N1C(=O)c2cccc3c(-c4ccc([Si](C)(C)C)cc4)ccc(c23)C1=O,CCCCCCCCCCCO,-0.07058107428570728
CCCCCCC(CCCCCC)N1C(=O)c2cccc3c(-c4ccc(C#N)cc4)ccc(c23)C1=O,CCCCCCCCCCCCCC,-0.26760624017703144
CCCCCCC(CCCCCC)N1C(=O)c2cccc3c(-c4ccc(C#N)cc4)ccc(c23)C1=O,CCCCCCCCCCCO,-0.14874165128092473
CCCCCCC(CCCCCC)N1C(=O)c2cccc3c(-c4ccc(-c5ccc(OC)cc5)cc4)ccc(c23)C1=O,CCCCCCCCCCCCCC,-0.3010299956639812
CCCCCCC(CCCCCC)N1C(=O)c2cccc3c(-c4ccc(-c5ccc(OC)cc5)cc4)ccc(c23)C1=O,CCCCCCCCCCCO,-0.25181197299379954
COC(=O)C(Cc1ccc2oc(-c3ccc(-n4c5ccccc5c5ccccc54)cc3)nc2c1)NC(=O)OC(C)(C)C,CC(C)(C)O,-0.09151498112135022
COC(=O)C(Cc1ccc2oc(-c3ccc(-n4c5ccccc5c5ccccc54)cc3)nc2c1)NC(=O)OC(C)(C)C,CCCCCO,-0.11350927482751812
COC(=O)C(Cc1ccc2oc(-c3ccc(-n4c5ccccc5c5ccccc54)cc3)nc2c1)NC(=O)OC(C)(C)C,CCCCCCO,-0.1366771398795441
COC(=O)C(Cc1ccc2oc(-c3ccc(-n4c5ccccc5c5ccccc54)cc3)nc2c1)NC(=O)OC(C)(C)C,CCCCCCCO,-0.18708664335714442
COC(=O)C(Cc1ccc2oc(-c3ccc(-n4c5ccccc5c5ccccc54)cc3)nc2c1)NC(=O)OC(C)(C)C,OCCO,-0.28399665636520083
COC(=O)C(Cc1ccc2oc(-c3ccc(-n4c5ccccc5c5ccccc54)cc3)nc2c1)NC(=O)OC(C)(C)C,CC(O)CO,-0.2596373105057561
COC(=O)C(Cc1ccc2oc(-c3ccc(-n4c5ccccc5c5ccccc54)cc3)nc2c1)NC(=O)OC(C)(C)C,CC(C)CC(C)(C)C,-0.2596373105057561
COC(=O)C(Cc1ccc2oc(-c3ccc(-n4c5ccccc5c5ccccc54)cc3)nc2c1)NC(=O)OC(C)(C)C,CC1CCCO1,-0.28399665636520083
COC(=O)C(Cc1ccc2oc(-c3ccc4c(c3)c3ccccc3n4-c3ccccc3)nc2c1)NC(=O)OC(C)(C)C,CC(C)CO,0.0
COC(=O)C(Cc1ccc2oc(-c3ccc4c(c3)c3ccccc3n4-c3ccccc3)nc2c1)NC(=O)OC(C)(C)C,CCCCCO,0.0
COC(=O)C(Cc1ccc2oc(-c3ccc4c(c3)c3ccccc3n4-c3ccccc3)nc2c1)NC(=O)OC(C)(C)C,CCCCCCO,-0.026872146400301365
COC(=O)C(Cc1ccc2oc(-c3ccc4c(c3)c3ccccc3n4-c3ccccc3)nc2c1)NC(=O)OC(C)(C)C,OC1CCCCC1,-0.022276394711152253
COC(=O)C(Cc1ccc2oc(-c3ccc4c(c3)c3ccccc3n4-c3ccccc3)nc2c1)NC(=O)OC(C)(C)C,CCCCCCCO,0.0
COC(=O)C(Cc1ccc2oc(-c3ccc4c(c3)c3ccccc3n4-c3ccccc3)nc2c1)NC(=O)OC(C)(C)C,OCCO,0.0
COC(=O)C(Cc1ccc2oc(-c3ccc4c(c3)c3ccccc3n4-c3ccccc3)nc2c1)NC(=O)OC(C)(C)C,CC(O)CO,0.0
COC(=O)C(Cc1ccc2oc(-c3ccc4c(c3)c3ccccc3n4-c3ccccc3)nc2c1)NC(=O)OC(C)(C)C,NC=O,-0.08618614761628333
COC(=O)C(Cc1ccc2oc(-c3ccc4c(c3)c3ccccc3n4-c3ccccc3)nc2c1)NC(=O)OC(C)(C)C,CCCCC,-0.22914798835785583
COC(=O)C(Cc1ccc2oc(-c3ccc4c(c3)c3ccccc3n4-c3ccccc3)nc2c1)NC(=O)OC(C)(C)C,CCC(C)CC,-0.22914798835785583
COC(=O)C(Cc1ccc2oc(-c3ccc4c(c3)c3ccccc3n4-c3ccccc3)nc2c1)NC(=O)OC(C)(C)C,CC(C)CC(C)(C)C,-0.06550154875643228
COC(=O)C(Cc1ccc2oc(-c3ccc4c(c3)c3ccccc3n4-c3ccccc3)nc2c1)NC(=O)OC(C)(C)C,CCCCCCCCC,-0.14266750356873156
COC(=O)C(Cc1ccc2oc(-c3ccc4c(c3)c3ccccc3n4-c3ccccc3)nc2c1)NC(=O)OC(C)(C)C,CCCCCCCCCC,-0.12493873660829995
COC(=O)C(Cc1ccc2oc(-c3ccc4c(c3)c3ccccc3n4-c3ccccc3)nc2c1)NC(=O)OC(C)(C)C,COCCOC,-0.1549019599857432
COC(=O)C(Cc1ccc2oc(-c3ccc4c(c3)c3ccccc3n4-c3ccccc3)nc2c1)NC(=O)OC(C)(C)C,CC1CCCO1,-0.03151705144606486
COC(=O)C(Cc1ccc2oc(-c3ccc4c(c3)c3ccccc3n4-c3ccccc3)nc2c1)NC(=O)OC(C)(C)C,CC(C)OC(C)C,-0.2596373105057561
COC(=O)C(Cc1ccc2oc(-c3ccc4c(c3)c3ccccc3n4-c3ccccc3)nc2c1)NC(=O)OC(C)(C)C,CC1COC(=O)O1,0.0
COC(=O)C(Cc1ccc2oc(-c3ccc4c(c3)c3ccccc3n4-c3ccccc3)nc2c1)NC(=O)OC(C)(C)C,Cc1ccccc1C,-0.036212172654444715
CC1=CC(C)=[N+]2C1=C(c1ccc(C)cc1)c1c(C)cc(/C=C/c3ccc4ccc5cccc6ccc3c4c56)n1[B-]2(F)F,CC1CCCO1,-0.1938200260161128
CC1=CC(/C=C/c2ccc(C)cc2)=[N+]2C1=C(c1ccccc1)c1c(C)cc(/C=C/c3ccc(C)cc3)n1[B-]2(F)F,CC1CCCO1,-0.12493873660829995
CC1=CC(/C=C/c2c3ccccc3c(C)c3ccccc23)=[N+]2C1=C(c1ccccc1)c1c(C)cc(/C=C/c3c4ccccc4c(C)c4ccccc34)n1[B-]2(F)F,CC1CCCO1,-1.4202164033831899
CC1=CC(/C=C/c2ccc3ccc4cccc5ccc2c3c45)=[N+]2C1=C(c1ccccc1)c1c(C)cc(/C=C/c3ccc4ccc5cccc6ccc3c4c56)n1[B-]2(F)F,CC1CCCO1,-0.09691001300805639
CCN(CC)c1ccc(/C=C/C2=[O+][B-](F)(F)Oc3c2c(=O)oc2cc(N(CC)CC)ccc32)cc1,OCCO,-1.1426675035687315
CCN(CC)c1ccc(/C=C/C2=[O+][B-](F)(F)Oc3c2c(=O)oc2cc(N(CC)CC)ccc32)cc1,OCC(O)CO,-0.44369749923271273
CN(C)c1ccc(-c2ccc3c(=O)c(O)coc3c2)cc1,CCCCCCCCO,-1.0087739243075051
COc1coc2cc(-c3ccc(N(C)C)cc3)ccc2c1=O,CCCCCCCCO,-0.906578314837765
CCC(=O)c1ccc2cc(N(C)C)ccc2c1,CCCCCCCCO,-0.4145392704914993
CCOC(=O)C1=C(C)NC2=C(C(=O)c3ccccc32)C1c1ccc(N(C)C)cc1,ClC(Cl)(Cl)Cl,-0.7958800173440752
Nc1ccccc1C(=O)O,OCC(F)(F)F,-0.5686362358410126
O=S(=O)(c1cccc(-n2c3ccccc3c3ccccc32)c1)c1cccc(-n2c3ccccc3c3ccccc32)c1,c1cc(-n2c3ccccc3c3ccccc32)cc(-n2c3ccccc3c3ccccc32)c1,-0.6615435063953952
O=S(=O)(c1cccc(N2c3ccccc3Sc3ccccc32)c1)c1cccc(N2c3ccccc3Sc3ccccc32)c1,c1cc(-n2c3ccccc3c3ccccc32)cc(-n2c3ccccc3c3ccccc32)c1,-0.9355420107730815
O=S(=O)(c1cccc(N2c3ccccc3Oc3ccccc32)c1)c1cccc(N2c3ccccc3Oc3ccccc32)c1,c1cc(-n2c3ccccc3c3ccccc32)cc(-n2c3ccccc3c3ccccc32)c1,-0.4934949675951279
CC1(C)c2ccccc2N(c2cccc(S(=O)(=O)c3cccc(N4c5ccccc5C(C)(C)c5ccccc54)c3)c2)c2ccccc21,c1cc(-n2c3ccccc3c3ccccc32)cc(-n2c3ccccc3c3ccccc32)c1,-0.4377071355435253
O=S(=O)(c1cccc(-n2c3ccccc3c3ccccc32)c1)c1cccc(-n2c3ccccc3c3ccccc32)c1,CCCCC(CC)n1c2ccc(-n3c4ccccc4c4ccccc43)cc2c2cc(-n3c4ccccc4c4ccccc43)ccc21,-0.9625735020593764
O=S(=O)(c1cccc(N2c3ccccc3Sc3ccccc32)c1)c1cccc(N2c3ccccc3Sc3ccccc32)c1,CCCCC(CC)n1c2ccc(-n3c4ccccc4c4ccccc43)cc2c2cc(-n3c4ccccc4c4ccccc43)ccc21,-1.0861861476162833
O=S(=O)(c1cccc(N2c3ccccc3Oc3ccccc32)c1)c1cccc(N2c3ccccc3Oc3ccccc32)c1,CCCCC(CC)n1c2ccc(-n3c4ccccc4c4ccccc43)cc2c2cc(-n3c4ccccc4c4ccccc43)ccc21,-0.6819366650372385
CC1(C)c2ccccc2N(c2cccc(S(=O)(=O)c3cccc(N4c5ccccc5C(C)(C)c5ccccc54)c3)c2)c2ccccc21,CCCCC(CC)n1c2ccc(-n3c4ccccc4c4ccccc43)cc2c2cc(-n3c4ccccc4c4ccccc43)ccc21,-0.6216020990518624
c1ccc(-c2nn(-c3ccccn3)c3nc4ccccc4cc23)cc1,CCCCOCCCC,-0.6020599913279624
CC1=CC(C)=[N+]2C1=Cc1c3ccccc3c(C#Cc3ccccc3)n1[B-]2(F)F,CCCCCCCCO,-0.05551732784983137
CC1=CC(C)=[N+]2C1=Cc1c3ccccc3c(C#Cc3ccc(F)cc3)n1[B-]2(F)F,CCCCCCCCO,-0.11350927482751812
COc1ccc(C#Cc2c3ccccc3c3n2[B-](F)(F)[N+]2=C(C)C=C(C)C2=C3)cc1,CCCCCCCCO,-0.13076828026902382
CC1=CC(C)=[N+]2C1=Cc1c3ccccc3c(C#Cc3cccs3)n1[B-]2(F)F,CCCCCCCCO,-0.3467874862246563
CC1=CC(C)=[N+]2C1=Cc1c3ccccc3c(C#Cc3ccsc3)n1[B-]2(F)F,CCCCCCCCO,-0.14266750356873156
COC(=O)C(Cc1ccc2oc(-c3ccc(N(c4ccccc4)c4ccccc4)cc3)nc2c1)NC(=O)OC(C)(C)C,CCCCCO,-0.11918640771920865
COC(=O)C(Cc1ccc2oc(-c3ccc(N(c4ccccc4)c4ccccc4)cc3)nc2c1)NC(=O)OC(C)(C)C,NC=O,-0.4559319556497244
COC(=O)C(Cc1ccc2oc(-c3ccc(N(c4ccccc4)c4ccccc4)cc3)nc2c1)NC(=O)OC(C)(C)C,CC(O)CO,-0.2006594505464183
COC(=O)C(Cc1ccc2oc(-c3ccc(N(c4ccccc4)c4ccccc4)cc3)nc2c1)NC(=O)OC(C)(C)C,OCC(F)(F)F,-1.3010299956639813
COC(=O)C(Cc1ccc2oc(-c3ccc(N(c4ccccc4)c4ccccc4)cc3)nc2c1)NC(=O)OC(C)(C)C,N#Cc1ccccc1,-0.585026652029182
COC(=O)C(Cc1ccc2oc(-c3ccc(N(c4ccccc4)c4ccccc4)cc3)nc2c1)NC(=O)OC(C)(C)C,CC1CCCCC1,-0.026872146400301365
COC(=O)C(Cc1ccc2oc(-c3ccc(N(c4ccccc4)c4ccccc4)cc3)nc2c1)NC(=O)OC(C)(C)C,CCCCCCCC,-0.004364805402450088
COC(=O)C(Cc1ccc2oc(-c3ccc(N(c4ccccc4)c4ccccc4)cc3)nc2c1)NC(=O)OC(C)(C)C,CC1COC(=O)O1,-0.17392519729917355
COC(=O)C(Cc1ccc2oc(-c3ccc(N(c4ccccc4)c4ccccc4)cc3)nc2c1)NC(=O)OC(C)(C)C,COCCOC,-0.3565473235138126
CN(C)c1ccc(/C=C2/N=C(c3ccccc3)OC2=O)cc1,ClC(Cl)(Cl)Cl,-1.2218487496163564
CN(C)c1ccc(/C=C2/N=C(c3ccccc3)OC2=O)cc1,CCCCCO,-1.154901959985743
COc1ccc2c3cccc4c(OC)ccc(c5cccc1c52)c43,ClC(Cl)(Cl)Cl,-1.3010299956639813
COc1ccc2c3cccc4c(OC)ccc(c5cccc1c52)c43,c1ccncc1,-0.045757490560675115
CCCCCCCCOc1ccc2c3cccc4c(OCCCCCCCC)ccc(c5cccc1c52)c43,ClC(Cl)(Cl)Cl,-1.0969100130080565
CCCCCCCCOc1ccc2c3cccc4c(OCCCCCCCC)ccc(c5cccc1c52)c43,c1ccncc1,-0.045757490560675115
CCCCCCCC(=O)Oc1ccc2c3cccc4c(OC(=O)CCCCCCC)ccc(c5cccc1c52)c43,ClC(Cl)(Cl)Cl,-1.2218487496163564
CCCCCCCC(=O)Oc1ccc2c3cccc4c(OC(=O)CCCCCCC)ccc(c5cccc1c52)c43,c1ccncc1,-0.03151705144606486
C1=CSC(=C2SC=C(/C=C/C=C/C=C/C3=CSC(=C4SC=CS4)S3)S2)S1,CC1CCCCC1,-2.0969100130080562
C1=CSC(=C2SC=C(/C=C/C=C/C=C/C3=CSC(=C4SC=CS4)S3)S2)S1,ClC(Cl)(Cl)Cl,-2.0
CN(C)c1ccc(/C=C/C=C/C=C/c2ccc(N(C)C)cc2)cc1,CC1CCCCC1,-0.06550154875643228
CN(C)c1ccc(/C=C/C=C/C=C/c2ccc(N(C)C)cc2)cc1,ClC(Cl)(Cl)Cl,-2.5228787452803374
[C-]#[N+]c1ccc(-c2ccc(N)cc2)cc1,c1ccncc1,-1.2218487496163564
[C-]#[N+]c1ccc(-c2ccc(NC)cc2)cc1,c1ccncc1,-1.5228787452803376
[C-]#[N+]c1ccc(-c2ccc(N(C)C)cc2)cc1,c1ccncc1,-0.2006594505464183
O=C1CCCC2=C1CC1=C(CCCC1=O)N2NC(=O)c1ccccc1,CCCCCO,-0.37675070960209955
O=C1CCCC2=C1CC1=C(CCCC1=O)N2NC(=O)c1ccc(O)cc1,CCCCCO,-0.27572413039921095
COc1ccc(C(=O)NN2C3=C(CC4=C2CCCC4=O)C(=O)CCC3)cc1,CCCCCO,-0.2218487496163564
Cc1ccc(C(=O)NN2C3=C(CC4=C2CCCC4=O)C(=O)CCC3)cc1,CCCCCO,-0.3010299956639812
Cc1ccccc1C(=O)NN1C2=C(CC3=C1CC(C)(C)CC3=O)C(=O)CC(C)(C)C2,CCCCCO,-0.3010299956639812
CN(C)c1ccc(/C=C2\CC/C(=C\c3ccc(C#N)cc3)C2=O)cc1,ClC(Cl)(Cl)Cl,-1.7212463990471711
CN(C)c1ccc(/C=C2\CC/C(=C\c3ccc(C#N)cc3)C2=O)cc1,S=C=S,-1.4685210829577449
CN(C)c1ccc(/C=C2\CC/C(=C\c3ccc(C#N)cc3)C2=O)cc1,Clc1ccccc1Cl,-0.5376020021010439
CN(C)c1ccc(/C=C2\CC/C(=C\c3ccc(C#N)cc3)C2=O)cc1,CCOC(=O)c1ccccc1,-0.744727494896694
CN(C)c1ccc(/C=C2\CC/C(=C\c3ccc(C#N)cc3)C2=O)cc1,CCCCOC(C)=O,-0.8538719643217619
CN(C)c1ccc(/C=C2\CC/C(=C\c3ccc(C#N)cc3)C2=O)cc1,O=C1CCCC1,-1.4685210829577449
CN(C)c1ccc(/C=C2\CC/C(=C\c3ccc(C#N)cc3)C2=O)cc1,c1ccncc1,-1.2924298239020637
N#Cc1c(F)c(F)c(C#N)c2oc3cc4oc5c(C#N)c(F)c(F)c(C#N)c5oc4cc3oc12,ClCCCl,-1.576754126063192
O=C1OC(c2ccccc2)=N/C1=C\c1ccc(N(c2ccccc2)c2ccccc2)cc1,CC1CCCCC1,-1.3665315444204136
O=C1OC(c2ccccc2)=N/C1=C\c1ccc(N(c2ccccc2)c2ccccc2)cc1,CCCCC,-1.537602002101044
O=C1OC(c2ccccc2)=N/C1=C\c1ccc(N(c2ccccc2)c2ccccc2)cc1,CC(C)CC(C)(C)C,-1.5528419686577808
O=C1OC(c2ccccc2)=N/C1=C\c1ccc(N(c2ccccc2)c2ccccc2)cc1,CCCCOCCCC,-1.4436974992327127
O=C1OC(c2ccccc2)=N/C1=C\c1ccc(N(c2ccc(/C=C3\N=C(c4ccccc4)OC3=O)cc2)c2ccc(/C=C3/N=C(c4ccccc4)OC3=O)cc2)cc1,CC1CCCCC1,-0.1917890270757779
O=C1OC(c2ccccc2)=N/C1=C\c1ccc(N(c2ccc(/C=C3\N=C(c4ccccc4)OC3=O)cc2)c2ccc(/C=C3/N=C(c4ccccc4)OC3=O)cc2)cc1,CCCCC,-0.149966742310231
O=C1OC(c2ccccc2)=N/C1=C\c1ccc(N(c2ccc(/C=C3\N=C(c4ccccc4)OC3=O)cc2)c2ccc(/C=C3/N=C(c4ccccc4)OC3=O)cc2)cc1,CC(C)CC(C)(C)C,-0.20481541031757602
O=C1OC(c2ccccc2)=N/C1=C\c1ccc(N(c2ccc(/C=C3\N=C(c4ccccc4)OC3=O)cc2)c2ccc(/C=C3/N=C(c4ccccc4)OC3=O)cc2)cc1,CCCCOCCCC,-0.29157909986528724
CN(C)c1cc(C#N)c(N(C)C)c(C#N)c1,N#Cc1ccccc1,-0.3010299956639812
CN(C)c1cc(C#N)c(N(C)C)c(C#N)c1,CCCCOC(C)=O,-0.28399665636520083
CN(C)c1cc(C#N)c(N(C)C)c(C#N)c1,CCCCOCCCC,-0.3467874862246563
CN(C)c1cc(C#N)c(N(C)C)c(C#N)c1,ClCCCl,-0.28399665636520083
CN(C)c1cc(C#N)c(N(C)C)c(C#N)c1,OCC(O)CO,-0.26760624017703144
CN(C)c1cc(C#N)c(N(C)C)c(C#N)c1,CCC(C)C,-0.431798275933005
CN(C)c1cc(C#N)c(N(C)C)c(C#N)c1,CC(C)OC(C)C,-0.4089353929735008
CN(C)c1cc(C#N)c(N(C)C)c(C#N)c1,CCCCCCCCO,-0.23657200643706275
CN(C)c1cc(C#N)c(N(C)C)c(C#N)c1,CC1COC(=O)O1,-0.23657200643706275
CN(C)c1cc(C#N)c(N(C)C)c(C#N)c1,CCCCCOCCCCC,-0.3372421683184259
CN(C)c1cc(C#N)c(N(C)C)c(C#N)c1,CCC#N,-0.3279021420642826
CN(C)c1cc(C#N)c(N(C)C)c(C#N)c1,CCCOCCC,-0.2596373105057561
Cn1c2nc(=O)[nH]c(=O)c-2nc2ccccc21,CC1CCCO1,-0.5228787452803376
Cn1c(=O)nc2n(C)c3ccccc3nc-2c1=O,CC1CCCO1,-0.6575773191777937
COC(=O)C(NC(=O)OC(C)(C)C)c1ccc2oc(-c3cc(OC)ccc3OC)nc2c1,CC1CCCCC1,-0.2924298239020636
COC(=O)C(NC(=O)OC(C)(C)C)c1ccc2oc(-c3cc(OC)c(OC)cc3OC)nc2c1,CC1CCCCC1,-0.23657200643706275
COC(=O)C(NC(=O)OC(C)(C)C)c1ccc2oc(-c3cc(OC)c(OC)c(OC)c3)nc2c1,CC1CCCCC1,-0.1804560644581313
COC(=O)C(NC(=O)OC(C)(C)C)c1ccc2oc(-c3ccc(O)cc3O)nc2c1,CC1CCCCC1,-1.6989700043360187
COC(=O)C(NC(=O)OC(C)(C)C)c1ccc2oc(-c3ccc(N(C)C)cc3OC)nc2c1,CC1CCCCC1,-0.3565473235138126
CCN(CC)c1ccc(-c2nc3cc(C(NC(=O)OC(C)(C)C)C(=O)OC)ccc3o2)c(O)c1,CC1CCCCC1,-0.958607314841775
C=CCOc1ccc(-c2nc3cc(C(NC(=O)OC(C)(C)C)C(=O)OC)ccc3o2)cc1,CC1CCCCC1,-0.07572071393811836
COC(=O)C(NC(=O)OC(C)(C)C)c1ccc2oc(-c3ccc(OC(=O)c4ccccc4)cc3OC(=O)c3ccccc3)nc2c1,CC1CCCCC1,-2.5228787452803374
COC(=O)C(NC(=O)OC(C)(C)C)c1ccc2oc(-c3ccc(OC(=O)c4ccccc4)cc3O)nc2c1,CC1CCCCC1,-1.5228787452803376
COC(=O)C(NC(=O)OC(C)(C)C)c1ccc2oc(-c3cccc(Oc4ccccc4)c3)nc2c1,CC1CCCCC1,-0.3010299956639812
COC(=O)C(NC(=O)OC(C)(C)C)c1ccc2oc(-c3ccc(C#N)cc3)nc2c1,CC1CCCCC1,-0.2596373105057561
COC(=O)C(NC(=O)OC(C)(C)C)c1ccc2oc(-c3ccc(F)cc3)nc2c1,CC1CCCCC1,-0.3098039199714863
COC(=O)C(NC(=O)OC(C)(C)C)c1ccc2oc(-c3cc(C(F)(F)F)cc(C(F)(F)F)c3)nc2c1,CC1CCCCC1,-0.26760624017703144
Cc1nc2c(c[n+]1C)CN1C(=O)N([C@H]3O[C@@H](CO)[C@H](O)[C@@H]3O)C=CC1=N2,[2H]OC,-0.8239087409443188
Cc1nc2c(c[n+]1C)CN1C(=O)N([C@H]3O[C@@H](CO)[C@H](O)[C@@H]3O)C=CC1=N2,[2H]OCC,-0.8538719643217619
Cc1nc2c(c[n+]1C)CN1C(=O)N([C@H]3O[C@@H](CO)[C@H](O)[C@@H]3O)C=CC1=N2,[2H]O[2H],-0.37675070960209955
COC(=O)C(Cc1ccc2oc(-c3ccncc3)nc2c1)NC(=O)OC(C)(C)C,CC1CCCCC1,-2.0
COC(=O)C([NH3+])Cc1ccc2oc(-c3ccncc3)nc2c1,CC1CCCCC1,-2.0
CC(C)(C)OC(=O)NC(Cc1ccc2oc(-c3ccccn3)nc2c1)C(=O)O,CC1CCCCC1,-0.6989700043360187
c1ccc2c(c1)[nH]c1cccnc12,Clc1ccccc1,-0.9244530386074693
CCC1=C(C)C2=C(C)c3c(C)c(CC)c(C)n3[B-](F)(F)[N+]2=C1C,CCC(C)C,-0.060480747381381476
CCC1=C(C)C2=C(C)c3c(C)c(CC)c(C)n3[B-](F)(F)[N+]2=C1C,CCCCCCCC,-0.11350927482751812
CCC1=C(C)C2=C(C)c3c(C)c(CC)c(C)n3[B-](F)(F)[N+]2=C1C,CN1CCCC1=O,-0.24412514432750865
CCC1=C(C)C2=C(C)c3c(C)c(CC)c(C)n3[B-](F)(F)[N+]2=C1C,OCCO,-0.14874165128092473
CCC1=C(C)C2=C(C)c3c(C)c(CC)c(C)n3[B-](F)(F)[N+]2=C1C,OCC(F)(F)F,-0.01322826573375516
CCC1=C(C)C2=C(C)c3c(C)c(CC)c(C)n3[B-](F)(F)[N+]2=C1C,OCCOc1ccccc1,-0.21467016498923297
CCC1=C(C)C2=C(C)c3c(C)c(CC)c(C)n3[B-](F)(F)[N+]2=C1C,CCCCCCCCCCO,-0.11350927482751812
CCC1=C(C)C2=C(C)c3c(C)c(CC)c(C)n3[B-](F)(F)[N+]2=C1C,CCCCCCCCO,-0.14874165128092473
CCC1=C(C)C2=C(C)c3c(C)c(CC)c(C)n3[B-](F)(F)[N+]2=C1C,CCCCCCO,-0.11918640771920865
c1csc(-c2cnc(-c3cccs3)c3nonc23)c1,ClC(Cl)(Cl)Cl,-0.36653154442041347
c1csc(-c2cnc(-c3cccs3)c3nonc23)c1,c1ccc2ncccc2c1,-0.6020599913279624
c1csc(-c2cnc(-c3cccs3)c3nonc23)c1,c1ccncc1,-0.638272163982407
c1csc(-c2cnc(-c3cccs3)c3nonc23)c1,OCc1ccccc1,-0.9208187539523752
c1csc(-c2cnc(-c3cccs3)c3nonc23)c1,O=[N+]([O-])c1ccccc1,-0.6989700043360187
c1csc(-c2cnc(-c3cccs3)c3nonc23)c1,OCC(O)CO,-1.5228787452803376
CN(C)c1ccc(C2=Cc3cccc[n+]3[B-](F)(F)O2)cc1,CC1CCCCC1,-0.28483264215154214
CN(C)c1ccc(C2=Cc3cccc[n+]3[B-](F)(F)O2)cc1,COC(C)=O,-0.24488773360492885
CN(C)c1ccc(C2=Cc3ccc4ccccc4[n+]3[B-](F)(F)O2)cc1,CC1CCCCC1,-0.06449273417528721
CN(C)c1ccc(C2=Cc3ccc4ccccc4[n+]3[B-](F)(F)O2)cc1,COC(C)=O,-0.42712839779951983
CN(C)c1ccc(C2=Cc3c4ccccc4cc[n+]3[B-](F)(F)O2)cc1,CC1CCCCC1,-0.009217308196862183
CN(C)c1ccc(C2=Cc3c4ccccc4cc[n+]3[B-](F)(F)O2)cc1,COC(C)=O,-0.23136189875238555
CN(C)c1ccc(C2=Cc3c4ccccc4c4ccccc4[n+]3[B-](F)(F)O2)cc1,CC1CCCCC1,0.0
CN(C)c1ccc(C2=Cc3c4ccccc4c4ccccc4[n+]3[B-](F)(F)O2)cc1,COC(C)=O,-0.35556141053216145
c1ccc(-c2nn(-c3ccccc3)c3nc4ccccc4cc23)cc1,CCCCOCCCC,-0.05551732784983137
c1ccc(-c2nn(-c3ccccc3)c3nc4ccccc4cc23)cc1,CCCCCl,-0.040958607678906384
CN(C)c1ccc2nc3c(cc2c1)c(-c1ccccc1)nn3-c1ccccc1,CCCCOCCCC,-0.11350927482751812
CN(C)c1ccc2nc3c(cc2c1)c(-c1ccccc1)nn3-c1ccccc1,CCCCCl,-0.1938200260161128
c1ccc(-c2nn(-c3ccccc3)c3nc4ccc(N(c5ccccc5)c5ccccc5)cc4cc23)cc1,CCCCOCCCC,-0.11918640771920865
c1ccc(-c2nn(-c3ccccc3)c3nc4ccc(N(c5ccccc5)c5ccccc5)cc4cc23)cc1,CCCCCl,-0.1549019599857432
c1ccc(-c2nn(-c3ccccc3)c3nc4ccc(N(c5ccccc5)c5cccc6ccccc56)cc4cc23)cc1,CCCCOCCCC,-0.25181197299379954
c1ccc(-c2nn(-c3ccccc3)c3nc4ccc(N(c5ccccc5)c5cccc6ccccc56)cc4cc23)cc1,CCCCCl,-0.25181197299379954
c1ccc(-c2nn(-c3ccccc3)c3nc4ccc(-n5c6ccccc6c6ccccc65)cc4cc23)cc1,CCCCOCCCC,-0.1549019599857432
c1ccc(-c2nn(-c3ccccc3)c3nc4ccc(-n5c6ccccc6c6ccccc65)cc4cc23)cc1,CCCCCl,-0.05551732784983137
COc1ccc(/C=C2\OC(=O)c3ccccc32)cc1,CC(C)CO,-1.154901959985743
Nc1ccc(/C=C2\OC(=O)c3ccccc32)cc1,CC(C)CO,-0.744727494896694
CN(C)c1ccc(/C=C2\OC(=O)c3cc(N)ccc32)cc1,CC(C)CO,-0.44369749923271273
N#Cc1ccc(/C=C2\OC(=O)c3cc(N)ccc32)cc1,CC(C)CO,-0.769551078621726
COc1ccc(/C=C2\OC(=O)c3cc(N)ccc32)cc1,CC(C)CO,-0.3565473235138126
Nc1ccc2c(c1)C(=O)O/C2=C\c1ccc(Cl)cc1,CC(C)CO,-0.6989700043360187
CC(=O)Nc1ccc(/C=C2\OC(=O)c3cc(N)ccc32)cc1,CC(C)CO,-1.494850021680094
CCOC(=O)C1CC(c2c(C#N)c(C)nn2-c2ccccc2)=CN1c1ccc(Br)cc1,OCCO,-0.4559319556497244
CCOC(=O)C1CC(c2c(C#N)c(C)nn2-c2ccccc2)=CN1c1ccc(Br)cc1,OCC(O)CO,-0.5086383061657274
CC(=O)[B-]1(C(C)=O)OC(c2ccccc2)=CC(c2ccccc2)=[O+]1,ClC(Cl)(Cl)Cl,-0.045757490560675115
COc1ccc(C2=CC(c3ccc(OC)cc3)=[O+][B-](C(C)=O)(C(C)=O)O2)cc1,ClC(Cl)(Cl)Cl,0.0
CC(=O)[B-]1(C(C)=O)OC(C)=CC(c2ccc3ccccc3c2)=[O+]1,ClC(Cl)(Cl)Cl,-0.7958800173440752
CC(=O)[B-]1(C(C)=O)OC(c2ccccc2)=CC(c2ccc3ccccc3c2)=[O+]1,ClC(Cl)(Cl)Cl,-0.23657200643706275
COc1ccc(C2=CC(c3ccc4ccccc4c3)=[O+][B-](C(C)=O)(C(C)=O)O2)cc1,ClC(Cl)(Cl)Cl,-0.09691001300805639
CC(=O)[B-]1(C(C)=O)OC(c2ccc3ccccc3c2)=CC(c2ccc3ccccc3c2)=[O+]1,ClC(Cl)(Cl)Cl,-0.21467016498923297
O=C1O[B-]2(OC1=O)OC(c1ccccc1)=CC(c1ccccc1)=[O+]2,ClC(Cl)(Cl)Cl,-0.3010299956639812
CC1=CC(c2ccc3ccccc3c2)=[O+][B-]2(OC(=O)C(=O)O2)O1,ClC(Cl)(Cl)Cl,-1.2218487496163564
O=C1O[B-]2(OC1=O)OC(c1ccccc1)=CC(c1ccc3ccccc3c1)=[O+]2,ClC(Cl)(Cl)Cl,-0.3187587626244128
O=C1O[B-]2(OC1=O)OC(c1ccc3ccccc3c1)=CC(c1ccc3ccccc3c1)=[O+]2,ClC(Cl)(Cl)Cl,-0.09691001300805639
CC1=[O+][B-]2(OC(=O)C(=O)O2)OC(c2c3ccccc3cc3ccccc23)=C1,ClC(Cl)(Cl)Cl,-1.0
F[B-]1(F)OC(c2ccccc2)=CC(c2ccccc2)=[O+]1,ClC(Cl)(Cl)Cl,-0.8239087409443188
F[B-]1(F)OC(c2ccc3ccccc3c2)=CC(c2ccc3ccccc3c2)=[O+]1,ClC(Cl)(Cl)Cl,-0.045757490560675115
COc1cc(OC)c2c3c([nH]c2c1)C(=O)CCC3,CCCCCCCCCCO,-1.0457574905606752
COc1cc(OC)c2c3c([nH]c2c1)C(=O)CCC3,CCCCCCO,-1.0969100130080565
COc1cc(OC)c2c3c([nH]c2c1)C(=O)CCC3,CCCCCCCCCCCCO,-1.0457574905606752
COc1cc(OC)c2c3c([nH]c2c1)C(=O)CCC3,CCCCCCCCO,-1.154901959985743
O=C(O)COc1ccc2[nH]c3c(c2c1)CCCC3=O,CCCCCCO,-1.7958800173440752
O=C(O)COc1ccc2[nH]c3c(c2c1)CCCC3=O,CCCCCCCCO,-1.7695510786217261
O=C(O)COc1ccc2[nH]c3c(c2c1)CCCC3=O,CCCCCCCCCCO,-2.0457574905606752
O=C(O)COc1ccc2[nH]c3c(c2c1)CCCC3=O,CCCCCCCCCCCCO,-1.9208187539523751
COc1cc2[nH]c3c(c2cc1OCC(=O)O)CCCC3=O,CCCCCCO,-1.8239087409443189
COc1cc2[nH]c3c(c2cc1OCC(=O)O)CCCC3=O,CCCCCCCCO,-1.337242168318426
COc1cc2[nH]c3c(c2cc1OCC(=O)O)CCCC3=O,CCCCCCCCCCO,-1.275724130399211
COc1cc2[nH]c3c(c2cc1OCC(=O)O)CCCC3=O,CCCCCCCCCCCCO,-0.790484985457369
COC(=O)/C=C/C=C/c1ccc(N(C)C)cc1,CC1CCCCC1,-2.262012673666569
ClC(Cl)=C1c2ccccc2C(C2(Cl)c3ccccc3C(=C(Cl)Cl)c3ccccc32)c2ccccc21,CCCCCO,-0.6020599913279624
Cc1cccc2nc3c(=O)[nH]c(=O)[nH]c3nc12,ClCCCl,-1.5528419686577808
N#Cc1cc(-c2ccc(F)cc2)cnc1O,CC1CCCCC1,-0.4814860601221125
N#Cc1cc(-c2ccc(F)cc2)cnc1O,ClC(Cl)(Cl)Cl,-0.5702477199975919
Cc1nn(-c2ccccc2)c(C2=NN(c3ccc(Br)cc3)[C@@H](c3ccccc3)[C@@H]2c2ccccc2)c1C#N,OCCO,-0.3467874862246563
Cn1cc(/C=C/C(=O)c2ccccc2)c2ccccc21,CCCCCCO,-0.368556230986828
Cn1cc(/C=C/C(=O)c2ccccc2)c2ccccc21,CCCCCCCCO,-0.4621809049267259
Cn1cc(/C=C/C(=O)c2ccccc2)c2ccccc21,OC1CCCCC1,-0.10902040301031106
Cn1cc(/C=C/C(=O)c2ccccc2)c2ccccc21,CCCC(C)=O,-0.6575773191777937
Cn1cc(/C=C/C(=O)c2ccccc2)c2ccccc21,CCC(=O)CC,-0.679853713888946
Cn1cc(/C=C/C(=O)c2ccccc2)c2ccccc21,CCCC#N,-0.6635402661514705
Cn1cc(/C=C/C(=O)c2ccccc2)c2ccccc21,NC=O,-0.5575202309355514
COC(=O)C(Cc1ccc2oc(-c3c4ccccc4cc4ccccc34)nc2c1)NC(=O)OC(C)(C)C,CCCCCO,-0.3979400086720376
COC(=O)C(Cc1ccc2oc(-c3c4ccccc4cc4ccccc34)nc2c1)NC(=O)OC(C)(C)C,NC=O,-0.5800442515102421
COC(=O)C(Cc1ccc2oc(-c3c4ccccc4cc4ccccc34)nc2c1)NC(=O)OC(C)(C)C,CNC=O,-0.43062609038495414
COC(=O)C(Cc1ccc2oc(-c3c4ccccc4cc4ccccc34)nc2c1)NC(=O)OC(C)(C)C,CC(O)CO,-0.5114492834995558
COC(=O)C(Cc1ccc2oc(-c3c4ccccc4cc4ccccc34)nc2c1)NC(=O)OC(C)(C)C,OCC(F)(F)F,-1.1674910872937636
COC(=O)C(Cc1ccc2oc(-c3c4ccccc4cc4ccccc34)nc2c1)NC(=O)OC(C)(C)C,OC(C(F)(F)F)C(F)(F)F,-1.958607314841775
COC(=O)C(Cc1ccc2oc(-c3c4ccccc4cc4ccccc34)nc2c1)NC(=O)OC(C)(C)C,N#Cc1ccccc1,-0.35556141053216145
COC(=O)C(Cc1ccc2oc(-c3c4ccccc4cc4ccccc34)nc2c1)NC(=O)OC(C)(C)C,ClC(Cl)(Cl)Cl,-0.2006594505464183
COC(=O)C(Cc1ccc2oc(-c3c4ccccc4cc4ccccc34)nc2c1)NC(=O)OC(C)(C)C,CC1CCCCC1,-0.2298847052128984
COC(=O)C(Cc1ccc2oc(-c3c4ccccc4cc4ccccc34)nc2c1)NC(=O)OC(C)(C)C,CC(C)CC(C)(C)C,-0.21112488422458328
COC(=O)C(Cc1ccc2oc(-c3c4ccccc4cc4ccccc34)nc2c1)NC(=O)OC(C)(C)C,CC1COC(=O)O1,-0.33441900898204685
CCCCc1c2ccccc2c(-c2ccc(-c3nc4cc(CC(NC(=O)OC(C)(C)C)C(=O)OC)ccc4o3)cc2)c2ccccc12,CNC=O,-0.42021640338318983
CCCCc1c2ccccc2c(-c2ccc(-c3nc4cc(CC(NC(=O)OC(C)(C)C)C(=O)OC)ccc4o3)cc2)c2ccccc12,CCCCCO,-0.2749054789185309
CCCCc1c2ccccc2c(-c2ccc(-c3nc4cc(CC(NC(=O)OC(C)(C)C)C(=O)OC)ccc4o3)cc2)c2ccccc12,NC=O,-0.5421181032660077
CCCCc1c2ccccc2c(-c2ccc(-c3nc4cc(CC(NC(=O)OC(C)(C)C)C(=O)OC)ccc4o3)cc2)c2ccccc12,CC(O)CO,-0.2765443279648142
CCCCc1c2ccccc2c(-c2ccc(-c3nc4cc(CC(NC(=O)OC(C)(C)C)C(=O)OC)ccc4o3)cc2)c2ccccc12,OC(C(F)(F)F)C(F)(F)F,-1.8239087409443189
CCCCc1c2ccccc2c(-c2ccc(-c3nc4cc(CC(NC(=O)OC(C)(C)C)C(=O)OC)ccc4o3)cc2)c2ccccc12,N#Cc1ccccc1,-0.384049948343599
CCCCc1c2ccccc2c(-c2ccc(-c3nc4cc(CC(NC(=O)OC(C)(C)C)C(=O)OC)ccc4o3)cc2)c2ccccc12,CC1CCCCC1,-0.1897674820049159
CCCCc1c2ccccc2c(-c2ccc(-c3nc4cc(CC(NC(=O)OC(C)(C)C)C(=O)OC)ccc4o3)cc2)c2ccccc12,CC(C)CC(C)(C)C,-0.239577516576788
CCCCc1c2ccccc2c(-c2ccc(-c3nc4cc(CC(NC(=O)OC(C)(C)C)C(=O)OC)ccc4o3)cc2)c2ccccc12,CC1COC(=O)O1,-0.3334820194451191
CCCCc1c2ccccc2c(-c2ccc(-c3nc4cc(CC(NC(=O)OC(C)(C)C)C(=O)OC)ccc4o3)cc2)c2ccccc12,COCCOC,-0.2967086218813386
CNc1cccc2c1C(=O)c1ccccc1C2=O,CC1CCCCC1,-1.8601209135987635
CNc1cccc2c1C(=O)c1ccccc1C2=O,CCC(C)CC,-1.8664610916297826
CNc1cccc2c1C(=O)c1ccccc1C2=O,C1CCC2CCCCC2C1,-1.853871964321762
O=C(O)c1c2ccccc2nc2ccccc12,COCCOC,-2.221848749616356
O=C(O)c1c2ccccc2nc2ccccc12,OCCO,-1.431798275933005
O=C(O)c1c2ccccc2nc2ccccc12,CCCCCO,-1.4436974992327127
COC(=O)c1c2ccccc2nc2ccccc12,COCCOC,-2.3979400086720375
COC(=O)c1c2ccccc2nc2ccccc12,OCCO,-1.214670164989233
COC(=O)c1c2ccccc2nc2ccccc12,CCCCCO,-1.5228787452803376
CN(C)c1c2ccccc2cc2ccccc12,COCCOC,-2.154901959985743
CN(C)c1c2ccccc2cc2ccccc12,OCCO,-1.6575773191777938
CN(C)c1c2ccccc2cc2ccccc12,OCC(O)CO,-1.1674910872937636
COc1ccc(C2=C3C(C)=CC(C)=[N+]3[B-](F)(F)n3c(/C=C/c4ccc(N(C)C)cc4)cc(C)c32)cc1,CC1CCCCC1,-0.06550154875643228
COc1ccc(C2=C3C(C)=CC(C)=[N+]3[B-](F)(F)n3c(/C=C/c4ccc(N(C)C)cc4)cc(C)c32)cc1,CCCCOCCCC,-0.040958607678906384
COc1ccc(C2=C3C(C)=CC(C)=[N+]3[B-](F)(F)n3c(/C=C/c4ccc(N(C)C)cc4)cc(C)c32)cc1,CC(C)OC(C)C,-0.060480747381381476
COc1ccc(C2=C3C(C)=CC(C)=[N+]3[B-](F)(F)n3c(/C=C/c4ccc(N(C)C)cc4)cc(C)c32)cc1,CCCC#N,-0.5686362358410126
COc1ccc(C2=C3C(C)=CC(C)=[N+]3[B-](F)(F)n3c(/C=C/c4ccc(N(C)C)cc4)cc(C)c32)cc1,CCC#N,-0.721246399047171
Cc1cc2cc(N3c4ccccc4Oc4ccccc43)ccc2c(=O)o1,c1cc(-c2cccc(-n3c4ccccc4c4ccccc43)c2)cc(-n2c3ccccc3c3ccccc32)c1,-0.3279021420642826
O=c1oc2ccccc2c2cc(N3c4ccccc4Oc4ccccc43)ccc12,c1cc(-c2cccc(-n3c4ccccc4c4ccccc43)c2)cc(-n2c3ccccc3c3ccccc32)c1,-0.28399665636520083
N#Cc1nc2c3ccc(-n4c5ccccc5c5ccccc54)cc3c3cc(-n4c5ccccc5c5ccccc54)ccc3c2nc1C#N,O=P(c1ccccc1)(c1ccccc1)c1cccc(-c2cc(-n3c4ccccc4c4ccccc43)cc(-n3c4ccccc4c4ccccc43)c2)n1,-0.21467016498923297
N#Cc1nc2c3ccc(-c4ccc(-n5c6ccccc6c6ccccc65)cc4)cc3c3cc(-c4ccc(-n5c6ccccc6c6ccccc65)cc4)ccc3c2nc1C#N,O=P(c1ccccc1)(c1ccccc1)c1cccc(-c2cc(-n3c4ccccc4c4ccccc43)cc(-n3c4ccccc4c4ccccc43)c2)n1,-0.26760624017703144
N#Cc1nc2c3ccc(N(c4ccccc4)c4ccccc4)cc3c3cc(N(c4ccccc4)c4ccccc4)ccc3c2nc1C#N,O=P(c1ccccc1)(c1ccccc1)c1cccc(-c2cc(-n3c4ccccc4c4ccccc43)cc(-n3c4ccccc4c4ccccc43)c2)n1,-0.1938200260161128
N#Cc1nc2c3ccc(-c4ccc(N(c5ccccc5)c5ccccc5)cc4)cc3c3cc(-c4ccc(N(c5ccccc5)c5ccccc5)cc4)ccc3c2nc1C#N,O=P(c1ccccc1)(c1ccccc1)c1cccc(-c2cc(-n3c4ccccc4c4ccccc43)cc(-n3c4ccccc4c4ccccc43)c2)n1,-0.2596373105057561
CC1(C)c2ccccc2N(c2ccc3c(c2)c2cc(N4c5ccccc5C(C)(C)c5ccccc54)ccc2c2nc(C#N)c(C#N)nc32)c2ccccc21,O=P(c1ccccc1)(c1ccccc1)c1cccc(-c2cc(-n3c4ccccc4c4ccccc43)cc(-n3c4ccccc4c4ccccc43)c2)n1,-0.4814860601221125
CC1(C)c2ccccc2N(c2ccc(-c3ccc4c(c3)c3cc(-c5ccc(N6c7ccccc7C(C)(C)c7ccccc76)cc5)ccc3c3nc(C#N)c(C#N)nc43)cc2)c2ccccc21,O=P(c1ccccc1)(c1ccccc1)c1cccc(-c2cc(-n3c4ccccc4c4ccccc43)cc(-n3c4ccccc4c4ccccc43)c2)n1,-0.18708664335714442
CC(C)c1cc(C(C)C)c(B2c3cc(-n4c5ccccc5c5ccccc54)ccc3N(c3ccccc3)c3ccc(-n4c5ccccc5c5ccccc54)cc32)c(C(C)C)c1,c1cc(-c2cccc(-n3c4ccccc4c4ccccc43)c2)cc(-n2c3ccccc3c3ccccc32)c1,-0.004364805402450088
CC(C)c1cc(C(C)C)c(B2c3cc(-n4c5ccc(C(C)(C)C)cc5c5cc(C(C)(C)C)ccc54)ccc3N(c3ccccc3)c3ccc(-n4c5ccc(C(C)(C)C)cc5c5cc(C(C)(C)C)ccc54)cc32)c(C(C)C)c1,c1cc(-c2cccc(-n3c4ccccc4c4ccccc43)c2)cc(-n2c3ccccc3c3ccccc32)c1,-0.00877392430750515
Cc1cc(C)c2c(c1)c1cc(C)cc(C)c1n2-c1ccc2c(c1)B(c1c(C(C)C)cc(C(C)C)cc1C(C)C)c1cc(-n3c4c(C)cc(C)cc4c4cc(C)cc(C)c43)ccc1N2c1ccccc1,c1cc(-c2cccc(-n3c4ccccc4c4ccccc43)c2)cc(-n2c3ccccc3c3ccccc32)c1,-0.25181197299379954
CC(C)c1cc(C(C)C)c(B2c3cc(N4c5ccccc5C(C)(C)c5ccccc54)ccc3N(c3ccccc3)c3ccc(N4c5ccccc5C(C)(C)c5ccccc54)cc32)c(C(C)C)c1,c1cc(-c2cccc(-n3c4ccccc4c4ccccc43)c2)cc(-n2c3ccccc3c3ccccc32)c1,-0.022276394711152253
CC(C)c1cc(C(C)C)c(B2c3cc(N4c5ccccc5Oc5ccccc54)ccc3N(c3ccccc3)c3ccc(N4c5ccccc5Oc5ccccc54)cc32)c(C(C)C)c1,c1cc(-c2cccc(-n3c4ccccc4c4ccccc43)c2)cc(-n2c3ccccc3c3ccccc32)c1,-0.004364805402450088
COc1ccc2c(c1)c1cc(OC)ccc1n2-c1ccc2c(c1)-c1cc(-n3c4ccc(OC)cc4c4cc(OC)ccc43)ccc1P2(=O)c1ccccc1,c1ccc2c(c1)c1ccccc1n2-c1ccc(-c2ccc(-n3c4ccccc4c4ccccc43)cc2)cc1,-0.10790539730951958
CC1(C)c2ccccc2N(c2ccc3c(c2)-c2cc(N4c5ccccc5C(C)(C)c5ccccc54)ccc2P3(=O)c2ccccc2)c2ccccc21,c1ccc2c(c1)c1ccccc1n2-c1ccc(-c2ccc(-n3c4ccccc4c4ccccc43)cc2)cc1,-0.25181197299379954
O=P1(c2ccccc2)c2ccc(N3c4ccccc4Oc4ccccc43)cc2-c2cc(N3c4ccccc4Oc4ccccc43)ccc21,c1ccc2c(c1)c1ccccc1n2-c1ccc(-c2ccc(-n3c4ccccc4c4ccccc43)cc2)cc1,-0.09691001300805639
O=P1(c2ccccc2)c2ccc(N3c4ccccc4Sc4ccccc43)cc2-c2cc(N3c4ccccc4Sc4ccccc43)ccc21,c1ccc2c(c1)c1ccccc1n2-c1ccc(-c2ccc(-n3c4ccccc4c4ccccc43)cc2)cc1,-0.27572413039921095
O=P1(c2ccccc2)c2cc(N3c4ccccc4Oc4ccccc43)ccc2-c2ccc(N3c4ccccc4Oc4ccccc43)cc21,c1ccc2c(c1)c1ccccc1n2-c1ccc(-c2ccc(-n3c4ccccc4c4ccccc43)cc2)cc1,-0.38721614328026455
O=P1(c2ccccc2)c2cc(N3c4ccccc4Sc4ccccc43)ccc2-c2ccc(N3c4ccccc4Sc4ccccc43)cc21,c1ccc2c(c1)c1ccccc1n2-c1ccc(-c2ccc(-n3c4ccccc4c4ccccc43)cc2)cc1,-0.20760831050174613
O=c1c2ccccc2n2c3ccc(-c4ccccc4)cc3c(=O)c3cccc1c32,c1cc(-c2cccc(-n3c4ccccc4c4ccccc43)c2)cc(-n2c3ccccc3c3ccccc32)c1,-0.1366771398795441
O=c1c2ccccc2n2c3ccccc3c(=O)c3cc(-c4ccccc4)cc1c32,c1cc(-c2cccc(-n3c4ccccc4c4ccccc43)c2)cc(-n2c3ccccc3c3ccccc32)c1,-0.16749108729376366
CC1(C)c2ccccc2N(c2ccc3c(c2)c2ccccc2c2nc4ccccc4nc32)c2ccccc21,c1cc(-c2cccc(-n3c4ccccc4c4ccccc43)c2)cc(-n2c3ccccc3c3ccccc32)c1,-0.37675070960209955
CC1(C)c2ccccc2N(c2ccc3c(c2)c2cc(N4c5ccccc5C(C)(C)c5ccccc54)ccc2c2nc4ccccc4nc32)c2ccccc21,c1cc(-c2cccc(-n3c4ccccc4c4ccccc43)c2)cc(-n2c3ccccc3c3ccccc32)c1,-0.07572071393811836
CC1(C)c2ccccc2N(c2ccc3nc4c5ccc(N6c7ccccc7C(C)(C)c7ccccc76)cc5c5cc(N6c7ccccc7C(C)(C)c7ccccc76)ccc5c4nc3c2)c2ccccc21,c1cc(-c2cccc(-n3c4ccccc4c4ccccc43)c2)cc(-n2c3ccccc3c3ccccc32)c1,-0.05060999335508721
O=C1c2ccc(N(c3ccccc3)c3ccccc3)cc2C(=O)c2ccc(N(c3ccccc3)c3ccccc3)cc21,c1ccc2c(c1)c1ccccc1n2-c1ccc(-c2ccc(-n3c4ccccc4c4ccccc43)cc2)cc1,-0.3010299956639812
O=C1c2ccc(N(c3ccc(-c4ccccc4)cc3)c3ccc(-c4ccccc4)cc3)cc2C(=O)c2ccc(N(c3ccc(-c4ccccc4)cc3)c3ccc(-c4ccccc4)cc3)cc21,c1ccc2c(c1)c1ccccc1n2-c1ccc(-c2ccc(-n3c4ccccc4c4ccccc43)cc2)cc1,-0.37675070960209955
CC(C)(C)c1ccc2c(c1)c1cc(C(C)(C)C)ccc1n2-c1ccc2c(c1)C(=O)c1ccc(-n3c4ccc(C(C)(C)C)cc4c4cc(C(C)(C)C)ccc43)cc1C2=O,c1ccc2c(c1)c1ccccc1n2-c1ccc(-c2ccc(-n3c4ccccc4c4ccccc43)cc2)cc1,-0.28399665636520083
CC1(C)c2ccccc2N(c2ccc3c(c2)C(=O)c2ccc(N4c5ccccc5C(C)(C)c5ccccc54)cc2C3=O)c2ccccc21,c1ccc2c(c1)c1ccccc1n2-c1ccc(-c2ccc(-n3c4ccccc4c4ccccc43)cc2)cc1,-1.0969100130080565
O=C1c2ccc(-c3ccc(N(c4ccccc4)c4ccccc4)cc3)cc2C(=O)c2ccc(-c3ccc(N(c4ccccc4)c4ccccc4)cc3)cc21,c1ccc2c(c1)c1ccccc1n2-c1ccc(-c2ccc(-n3c4ccccc4c4ccccc43)cc2)cc1,-0.09691001300805639
O=C1c2ccc(-c3ccc(N(c4ccc(-c5ccccc5)cc4)c4ccc(-c5ccccc5)cc4)cc3)cc2C(=O)c2ccc(-c3ccc(N(c4ccc(-c5ccccc5)cc4)c4ccc(-c5ccccc5)cc4)cc3)cc21,c1ccc2c(c1)c1ccccc1n2-c1ccc(-c2ccc(-n3c4ccccc4c4ccccc43)cc2)cc1,-0.11918640771920865
CC(C)(C)c1ccc2c(c1)c1cc(C(C)(C)C)ccc1n2-c1ccc(-c2ccc3c(c2)C(=O)c2ccc(-c4ccc(-n5c6ccc(C(C)(C)C)cc6c6cc(C(C)(C)C)ccc65)cc4)cc2C3=O)cc1,c1ccc2c(c1)c1ccccc1n2-c1ccc(-c2ccc(-n3c4ccccc4c4ccccc43)cc2)cc1,-0.18708664335714442
CC1(C)c2ccccc2N(c2ccc(-c3ccc4c(c3)C(=O)c3ccc(-c5ccc(N6c7ccccc7C(C)(C)c7ccccc76)cc5)cc3C4=O)cc2)c2ccccc21,c1ccc2c(c1)c1ccccc1n2-c1ccc(-c2ccc(-n3c4ccccc4c4ccccc43)cc2)cc1,-0.3010299956639812
CC(C)(C)c1cc(-c2cc3nc4c5ccc(N6c7ccccc7Oc7ccccc76)cc5c5cc(N6c7ccccc7Oc7ccccc76)ccc5c4nc3cc2-c2cc(C(C)(C)C)cc(C(C)(C)C)c2)cc(C(C)(C)C)c1,c1ccc2c(c1)c1ccccc1n2-c1ccc(-c2ccc(-n3c4ccccc4c4ccccc43)cc2)cc1,-0.08092190762392612
c1ccc2c(c1)Oc1ccccc1N2c1ccc2c(c1)c1cc(N3c4ccccc4Oc4ccccc43)ccc1c1nc3ccccc3nc21,c1ccc2c(c1)c1ccccc1n2-c1ccc(-c2ccc(-n3c4ccccc4c4ccccc43)cc2)cc1,-0.07572071393811836
O=C(c1ccc(N2c3ccccc3Oc3ccccc32)cc1)c1ccc2sc3ccccc3c2c1,c1ccc2c(c1)c1ccccc1n2-c1ccc(-c2ccc(-n3c4ccccc4c4ccccc43)cc2)cc1,-0.24033215531036956
O=C(c1ccc(N2c3ccccc3Sc3ccccc32)cc1)c1ccc2sc3ccccc3c2c1,c1ccc2c(c1)c1ccccc1n2-c1ccc(-c2ccc(-n3c4ccccc4c4ccccc43)cc2)cc1,-0.114638779968488
O=C(/C=C(\O)c1ccc(N2c3ccccc3Oc3ccccc32)cc1)c1ccc(N2c3ccccc3Oc3ccccc32)cc1,c1ccc2c(c1)c1ccccc1n2-c1ccc(-c2ccc(-n3c4ccccc4c4ccccc43)cc2)cc1,-0.16749108729376366
CC(C)(C(=O)c1ccc(N2c3ccccc3Oc3ccccc32)cc1)C(=O)c1ccc(N2c3ccccc3Oc3ccccc32)cc1,c1ccc2c(c1)c1ccccc1n2-c1ccc(-c2ccc(-n3c4ccccc4c4ccccc43)cc2)cc1,-0.26760624017703144
CC1(C)c2ccccc2N(c2ccc(C(=O)/C=C(\O)c3ccc(N4c5ccccc5C(C)(C)c5ccccc54)cc3)cc2)c2ccccc21,c1ccc2c(c1)c1ccccc1n2-c1ccc(-c2ccc(-n3c4ccccc4c4ccccc43)cc2)cc1,-0.06550154875643228
CC(C)(C(=O)c1ccc(N2c3ccccc3C(C)(C)c3ccccc32)cc1)C(=O)c1ccc(N2c3ccccc3C(C)(C)c3ccccc32)cc1,c1ccc2c(c1)c1ccccc1n2-c1ccc(-c2ccc(-n3c4ccccc4c4ccccc43)cc2)cc1,-0.1938200260161128
CC1(C)c2ccccc2N(c2ccc(-c3nnc(-c4ccccc4)o3)cc2)c2ccccc21,c1ccc(-n2c(-c3c(-n4c5ccccc5c5ccccc54)cccc3-n3c4ccccc4c4ccccc43)nc3ccccc32)cc1,-0.3565473235138126
CC1(C)c2ccccc2N(c2ccc(-c3nnc(-c4cc(-c5ccccc5)c(-c5ccccc5)c(-c5ccccc5)c4-c4ccccc4)o3)cc2)c2ccccc21,c1ccc(-n2c(-c3c(-n4c5ccccc5c5ccccc54)cccc3-n3c4ccccc4c4ccccc43)nc3ccccc32)cc1,-0.44490555142168087
c1ccc(-c2nnc(-c3ccc(N4c5ccccc5Oc5ccccc54)cc3)o2)cc1,c1ccc(-n2c(-c3c(-n4c5ccccc5c5ccccc54)cccc3-n3c4ccccc4c4ccccc43)nc3ccccc32)cc1,-0.06298389253518578
c1ccc(-c2cc(-c3nnc(-c4ccc(N5c6ccccc6Oc6ccccc65)cc4)o3)c(-c3ccccc3)c(-c3ccccc3)c2-c2ccccc2)cc1,c1ccc(-n2c(-c3c(-n4c5ccccc5c5ccccc54)cccc3-n3c4ccccc4c4ccccc43)nc3ccccc32)cc1,-0.03151705144606486
O=C1c2ccccc2S(=O)(=O)c2ccc(-n3c4ccccc4c4ccccc43)cc21,c1cc(-c2cccc(-n3c4ccccc4c4ccccc43)c2)cc(-n2c3ccccc3c3ccccc32)c1,-0.5287082889410615
O=C1c2cc(-n3c4ccccc4c4ccccc43)ccc2S(=O)(=O)c2ccc(-n3c4ccccc4c4ccccc43)cc21,c1cc(-c2cccc(-n3c4ccccc4c4ccccc43)c2)cc(-n2c3ccccc3c3ccccc32)c1,-0.4584207560534191
N#Cc1cc(-n2c3ccccc3c3cc(Br)ccc32)c(-n2c3ccccc3c3cc(Br)ccc32)cc1C#N,c1ccc2c(c1)c1ccccc1n2-c1ccc(-c2ccc(-n3c4ccccc4c4ccccc43)cc2)cc1,-0.265200170411153
N#Cc1cc(-n2c3ccccc3c3ccccc32)c(-n2c3ccccc3c3cc(Br)ccc32)cc1C#N,c1ccc2c(c1)c1ccccc1n2-c1ccc(-c2ccc(-n3c4ccccc4c4ccccc43)cc2)cc1,-0.2557070168773237
c1ccc(-c2nc(-c3ccccc3)nc(-c3ccc(-c4ccc5c(c4)C4(c6ccccc6-c6ccccc64)c4ccccc4N5c4ccccc4)cc3)n2)cc1,c1cc(-c2cccc(-n3c4ccccc4c4ccccc43)c2)cc(-n2c3ccccc3c3ccccc32)c1,-0.08618614761628333
Cc1cc(-c2nc(-c3ccccc3)nc(-c3ccccc3)n2)ccc1-c1ccc2c(c1)C1(c3ccccc3-c3ccccc31)c1ccccc1N2c1ccccc1,c1cc(-c2cccc(-n3c4ccccc4c4ccccc43)c2)cc(-n2c3ccccc3c3ccccc32)c1,0.0
Cc1cc(-c2nc(-c3ccccc3)nc(-c3ccccc3)n2)c(C)cc1-c1ccc2c(c1)C1(c3ccccc3-c3ccccc31)c1ccccc1N2c1ccccc1,c1cc(-c2cccc(-n3c4ccccc4c4ccccc43)c2)cc(-n2c3ccccc3c3ccccc32)c1,-0.00877392430750515
c1ccc(-c2nc(-c3ccccc3)nc(-c3ccc(-c4ccc5c(c4)C4(c6ccccc6-c6ccccc64)c4cc(-c6ccc(-c7nc(-c8ccccc8)nc(-c8ccccc8)n7)cc6)ccc4N5c4ccccc4)cc3)n2)cc1,c1cc(-c2cccc(-n3c4ccccc4c4ccccc43)c2)cc(-n2c3ccccc3c3ccccc32)c1,-0.026872146400301365
c1ccc(-c2nc(-c3ccccc3)nc(-c3ccc(-c4ccc5c(c4)[Si](c4ccccc4)(c4ccccc4)c4cc(-c6ccc(-c7nc(-c8ccccc8)nc(-c8ccccc8)n7)cc6)ccc4N5c4ccccc4)cc3)n2)cc1,c1cc(-c2cccc(-n3c4ccccc4c4ccccc43)c2)cc(-n2c3ccccc3c3ccccc32)c1,-0.017728766960431602
c1ccc2c(c1)Sc1ccc(-n3c4ccccc4c4ccccc43)cc1S2,CC1CCCCC1,-1.3979400086720375
c1ccc2c(c1)Sc1ccc(-n3c4ccccc4c4ccccc43)cc1S2,c1cc(-c2cccc(-n3c4ccccc4c4ccccc43)c2)cc(-n2c3ccccc3c3ccccc32)c1,-1.0
O=S(=O)(c1ccc(-c2ccc(-c3nc4c5ccccc5c5ccccc5c4n3-c3ccccc3)cc2)cc1)c1ccc(-c2ccc(-c3nc4c5ccccc5c5ccccc5c4n3-c3ccccc3)cc2)cc1,CCN(CC)CC,-0.9913998282380825
O=S(=O)(c1ccc(-c2ccc(-c3nc4c5ccccc5c5ccccc5c4n3-c3ccccc3)cc2)cc1)c1ccc(-c2ccc(-c3nc4c5ccccc5c5ccccc5c4n3-c3ccccc3)cc2)cc1,CCCCOCCCC,-0.07058107428570728
O=S(=O)(c1ccc(-c2ccc(-c3nc4c5ccccc5c5ccccc5c4n3-c3ccccc3)cc2)cc1)c1ccc(-c2ccc(-c3nc4c5ccccc5c5ccccc5c4n3-c3ccccc3)cc2)cc1,CC(C)OC(C)C,-0.09151498112135022
O=S(=O)(c1ccc(-c2ccc(-c3nc4c5ccccc5c5ccccc5c4n3-c3ccccc3)cc2)cc1)c1ccc(-c2ccc(-c3nc4c5ccccc5c5ccccc5c4n3-c3ccccc3)cc2)cc1,c1ccc2c(c1)c1ccccc1n2-c1ccc(-c2ccc(-n3c4ccccc4c4ccccc43)cc2)cc1,-0.14266750356873156
c1ccc(-n2c(-c3ccc(-c4ccc(-c5ccc(-c6nc7c8ccccc8c8ccccc8c7n6-c6ccccc6)cc5)cc4)cc3)nc3ccccc32)cc1,CCN(CC)CC,-0.3279021420642826
c1ccc(-n2c(-c3ccc(-c4ccc(-c5ccc(-c6nc7c8ccccc8c8ccccc8c7n6-c6ccccc6)cc5)cc4)cc3)nc3ccccc32)cc1,ClC=C(Cl)Cl,-0.0520763801682736
c1ccc(-n2c(-c3ccc(-c4ccc(-c5ccc(-c6nc7c8ccccc8c8ccccc8c7n6-c6ccccc6)cc5)cc4)cc3)nc3ccccc32)cc1,CCCCOCCCC,0.0
CCCCCCN1C(=O)C(c2ccc(-c3ccc(-n4c5ccccc5c5ccccc54)cc3)cc2)=C(c2ccc(-c3ccc(-n4c5ccccc5c5ccccc54)cc3)cc2)C1=O,c1ccc2c(c1)c1ccccc1n2-c1ccc(-c2ccc(-n3c4ccccc4c4ccccc43)cc2)cc1,-0.24412514432750865
CCCCCCN1C(=O)C(c2ccc(-n3c4ccccc4c4ccccc43)cc2)=C(c2ccc(-n3c4ccccc4c4ccccc43)cc2)C1=O,c1ccc2c(c1)c1ccccc1n2-c1ccc(-c2ccc(-n3c4ccccc4c4ccccc43)cc2)cc1,-0.1804560644581313
CCCCCCN1C(=O)c2cc(-c3ccc(-n4c5ccccc5c5ccccc54)cc3)c(-c3ccc(-n4c5ccccc5c5ccccc54)cc3)cc2C1=O,c1ccc2c(c1)c1ccccc1n2-c1ccc(-c2ccc(-n3c4ccccc4c4ccccc43)cc2)cc1,-0.1549019599857432
c12c3c4c5c1c1c6c7c2c2c8c3c3c9c4c4c%10c5c5c1c1c6c6c%11c%12c%13c%14c%15c%16c%17c%14c%14c%18c%13c%11c1c1c5c%10c5c(c%14c%10c%17c%11c%13c%16c%14c%16c%15c%12c%12c%16c(c2c7c%126)c2c8c3c(c%13c%142)c2c9c4c5c%10c%112)c%181,CC1CCCCC1,-3.2218487496163566
Nc1ccc2c(C(F)(F)F)cc(=O)oc2c1,CCCC(C)C,-0.769551078621726
Nc1ccc2c(C(F)(F)F)cc(=O)oc2c1,CCC(C)CC,-0.744727494896694
Nc1ccc2c(C(F)(F)F)cc(=O)oc2c1,CC1CCCCC1,-0.5376020021010439
Nc1ccc2c(C(F)(F)F)cc(=O)oc2c1,C1CCC2CCCCC2C1,-0.494850021680094
Nc1ccc2c(C(F)(F)F)cc(=O)oc2c1,CCCCCCCCO,-0.2006594505464183
Nc1ccc2c(C(F)(F)F)cc(=O)oc2c1,CCCCCCO,-0.26760624017703144
COc1ccc2ncccc2c1,CCCC#N,-1.1249387366083
Oc1ccc2ncccc2c1,CCCC#N,-1.0655015487564323
C#CC1CN2CCC1CC2[C@@H](O)c1ccnc2ccc(OC)cc12,CCCC#N,-1.494850021680094
C=CC1CN2CCC1CC2[C@@H](OCc1ccccc1)c1ccnc2ccc(O)cc12,CCCC#N,-1.6777807052660807
O=C1NC(=O)C(c2c[nH]c3ccccc23)=C1c1c[nH]c2ccccc12,CCCCOCCCC,-0.6575773191777937
O=C1NC(=O)C(c2c[nH]c3ccccc23)=C1c1c[nH]c2ccccc12,CC(C)OC(C)C,-0.5528419686577808
O=C1NC(=O)c2c1c1c3ccccc3[nH]c1c1[nH]c3ccccc3c21,CCCCOCCCC,-0.5528419686577808
O=C1NC(=O)c2c1c1c3ccccc3[nH]c1c1[nH]c3ccccc3c21,CC(C)OC(C)C,-0.6020599913279624
CC1=C(C(C)(C)C)C(C)=[N+]2C1=C(C)c1c(C)c(C(C)(C)C)c(C)n1[B-]2(F)F,CCC(C)C,-0.3979400086720376
CC1=C(C(C)(C)C)C(C)=[N+]2C1=C(C)c1c(C)c(C(C)(C)C)c(C)n1[B-]2(F)F,CC(C)CC(C)(C)C,-0.3979400086720376
CC1=C(C(C)(C)C)C(C)=[N+]2C1=C(C)c1c(C)c(C(C)(C)C)c(C)n1[B-]2(F)F,CCCC(C)=O,-0.3372421683184259
CC1=C(C(C)(C)C)C(C)=[N+]2C1=C(C)c1c(C)c(C(C)(C)C)c(C)n1[B-]2(F)F,CNC=O,-0.3279021420642826
CC1=C(C(C)(C)C)C(C)=[N+]2C1=C(C)c1c(C)c(C(C)(C)C)c(C)n1[B-]2(F)F,COC(C)=O,-0.3187587626244128
CC1=C(C(C)(C)C)C(C)=[N+]2C1=C(C)c1c(C)c(C(C)(C)C)c(C)n1[B-]2(F)F,CCCCOC(C)=O,-0.36653154442041347
CC1=C(C(C)(C)C)C(C)=[N+]2C1=C(C)c1c(C)c(C(C)(C)C)c(C)n1[B-]2(F)F,CCCCCCCCO,-0.38721614328026455
CC1=C(C(C)(C)C)C(C)=[N+]2C1=C(C)c1c(C)c(C(C)(C)C)c(C)n1[B-]2(F)F,CCCCCCO,-0.37675070960209955
CC1=C(C(C)(C)C)C(C)=[N+]2C1=C(C)c1c(C)c(C(C)(C)C)c(C)n1[B-]2(F)F,OCC(F)(F)F,-0.3098039199714863
c1ccc(-c2cc(-c3ccc4ccc5cccc6ccc3c4c56)ccn2)nc1,CCCC#N,-0.25181197299379954
c1ccc(-c2cc(-c3ccc4ccc5cccc6ccc3c4c56)ccn2)nc1,CCC#N,-0.20760831050174613
c1ccc(-c2cc(-c3ccc4ccc5c(-c6ccnc(-c7ccccn7)c6)ccc6ccc3c4c65)ccn2)nc1,CCCC#N,-0.23657200643706275
c1ccc(-c2cc(-c3ccc4ccc5c(-c6ccnc(-c7ccccn7)c6)ccc6ccc3c4c65)ccn2)nc1,CCC#N,-0.25181197299379954
c1ccc(N2c3ccc4ccccc4c3-c3c4ccccc4nc[n+]3[B-]2(c2ccccc2)c2ccccc2)cc1,C1CCC2CCCCC2C1,-1.154901959985743
C(=C/c1ccccc1)\c1ccccc1,CCCCOCCCC,-1.3767507096020994
COc1ccc(/C=C/c2ccccc2)cc1,CCCCOCCCC,-1.6989700043360187
COc1cccc(/C=C/c2ccccc2)c1,CCCCOCCCC,-0.6989700043360187
COc1cc(/C=C/c2ccccc2)cc(OC)c1,CCCCOCCCC,-0.585026652029182
COc1ccc(/C=C/c2ccccc2)cc1OC,CCCCOCCCC,-1.3010299956639813
CC(C)(C)c1ccc2c(c1)c1cc(C(C)(C)C)ccc1n2-c1ccc(C#Cc2cccc(C#Cc3ccc(-n4c5ccc(C(C)(C)C)cc5c5cc(C(C)(C)C)ccc54)cc3)c2)cc1,CCCCC,-0.11918640771920865
CC(C)(C)c1ccc2c(c1)c1cc(C(C)(C)C)ccc1n2-c1ccc(C#Cc2ccc(C#Cc3ccc(-n4c5ccc(C(C)(C)C)cc5c5cc(C(C)(C)C)ccc54)cc3)cc2)cc1,CCCCC,-0.05060999335508721
O=Cc1ccc2c(c1)c1ccccc1n2-c1cc2ccccc2c2ccccc12,CCCCC,-1.6020599913279623
N#CC(C#N)=Cc1ccc2c(c1)c1ccccc1n2-c1cc2ccccc2c2ccccc12,CCCCC,-0.7958800173440752
CC(C)(C)c1ccc2c(c1)c1cc(C(C)(C)C)ccc1n2-c1ccc(C#Cc2ccc(C=C(C#N)C#N)cc2)cc1,CCCCC,-0.3010299956639812
C[n+]1ccc(/C=C/c2ccc3cc(O)ccc3c2)cc1,CCCCCCCCO,-0.7958800173440752
C[n+]1ccc(/C=C/c2ccc3cc(O)ccc3c2)cc1,CC(=O)OC(C)=O,-0.46852108295774486
CN1CCN(c2ccc3c4c(cccc24)C(=O)c2ccccc2-3)CC1,CC1COC(=O)O1,-0.8446639625349383
CN1CCN(c2ccc3c4c(cccc24)C(=O)c2ccccc2-3)CC1,CCCCCCCCO,-0.8664610916297825
CN1CCN(c2ccc3c4c(cccc24)C(=O)c2ccccc2-3)CC1,CCCCCO,-1.1487416512809248
O=C1c2ccccc2-c2ccc(N3CCN(c4ccccc4)CC3)c3cccc1c23,CC1COC(=O)O1,-2.0457574905606752
O=C1c2ccccc2-c2ccc(N3CCN(c4ccccc4)CC3)c3cccc1c23,CCCCCCCCO,-1.744727494896694
O=C1c2ccccc2-c2ccc(N3CCN(c4ccccc4)CC3)c3cccc1c23,CCCCCO,-1.7695510786217261
c1csc(-c2ccc(-c3ccc(-c4cccs4)s3)s2)c1,CCC(C)C,-0.5686362358410126
COc1ccsc1-c1ccc(-c2ccc(-c3sccc3OC)s2)s1,CCC(C)C,-0.6020599913279624
Cc1ccsc1-c1ccc(-c2ccc(-c3sccc3C)s2)s1,CCC(C)C,-0.721246399047171
CCCCCCCCCCc1cc(-c2cc(CCCCCCCCCC)c(-c3cccs3)s2)sc1-c1cccs1,CCC(C)C,-0.7958800173440752
CN(C)c1ccc(/C=C/C=N/N=C/c2ccc3ccc4cccc5ccc2c3c45)cc1,CC(C)(C)O,-1.6989700043360187
COc1ccc(/C=C/C2=CC(/C=C/c3ccc(OC)cc3)=[O+][B-](F)(F)O2)cc1,ClC(Cl)(Cl)Cl,-0.6989700043360187
COc1ccc(/C=C/C2=[O+][B-](F)(F)OC(/C=C/c3ccc(OC)cc3)=C2c2ccccc2)cc1,ClC(Cl)(Cl)Cl,-0.619788758288394
COc1ccc(/C=C/C2=CC(/C=C/c3ccc(OC)c4ccccc34)=[O+][B-](F)(F)O2)c2ccccc12,ClC(Cl)(Cl)Cl,-0.638272163982407
CN(C)c1ccc(/C=C2\CC/C(=C\c3ccc(N(C)C)cc3)C2=O)cc1,ClC(Cl)(Cl)Cl,-1.3665315444204136
CN(C)c1ccc(/C=C2\CC/C(=C\c3ccc(N(C)C)cc3)C2=O)cc1,S=C=S,-1.0
CN(C)c1ccc(/C=C/C=C2\CC/C(=C\C=C\c3ccc(N(C)C)cc3)C2=O)cc1,ClC(Cl)(Cl)Cl,-0.6020599913279624
CN(C)c1ccc(/C=C/C=C2\CC/C(=C\C=C\c3ccc(N(C)C)cc3)C2=O)cc1,S=C=S,-0.36653154442041347
CN(C)c1ccc(/C=C/C=C2\CC/C(=C\C=C\c3ccc(N(C)C)cc3)C2=O)cc1,c1ccncc1,-0.3979400086720376
CN(C)c1ccc(/C=C/C=C2\CC/C(=C\C=C\c3ccc(N(C)C)cc3)C2=O)cc1,OCC(F)(F)F,-2.154901959985743
CN(C)c1ccc(/C=C/C=C2\CC/C(=C\c3ccc(N(C)C)cc3)C2=O)cc1,ClC(Cl)(Cl)Cl,-1.1674910872937636
CN(C)c1ccc(/C=C/C=C2\CC/C(=C\c3ccc(N(C)C)cc3)C2=O)cc1,S=C=S,-0.8860566476931632
CN(C)c1ccc(/C=C/C=C2\CC/C(=C\c3ccc(N(C)C)cc3)C2=O)cc1,Clc1ccccc1Cl,-0.619788758288394
CN(C)c1ccc(/C=C/C=C2\CC/C(=C\c3ccc(N(C)C)cc3)C2=O)cc1,CCOC(=O)c1ccccc1,-0.619788758288394
CN(C)c1ccc(/C=C/C=C2\CC/C(=C\c3ccc(N(C)C)cc3)C2=O)cc1,CCCCOC(C)=O,-0.7958800173440752
CN(C)c1ccc(/C=C/C=C2\CC/C(=C\c3ccc(N(C)C)cc3)C2=O)cc1,c1ccncc1,-0.42021640338318983
O=C1/C(=C/C=C/c2cc3c4c(c2)CCCN4CCC3)CC/C1=C\C=C\c1cc2c3c(c1)CCCN3CCC2,S=C=S,-1.1079053973095196
O=C1/C(=C/C=C/c2cc3c4c(c2)CCCN4CCC3)CC/C1=C\C=C\c1cc2c3c(c1)CCCN3CCC2,c1ccncc1,-0.769551078621726
O=C1/C(=C/C=C/c2cc3c4c(c2)CCCN4CCC3)CC/C1=C\C=C\c1cc2c3c(c1)CCCN3CCC2,OCC(F)(F)F,-2.0969100130080562
COC(=O)c1ccc(C#Cc2ccccc2)cc1,CCCCCCCCCCCCCCCC,-0.36754270781527576
COC(=O)c1ccc(C#Cc2ccccc2)cc1,CCCCCCCCCCCCCCCCCl,-0.35556141053216145
CN(C)c1ccc(C#Cc2ccccc2)cc1,CC(C)CC(C)(C)C,-0.5528419686577808
CN(C)c1ccc(C#Cc2ccccc2)cc1,CCCCCCCCCCCCCCCC,-0.4294570601181025
CN(C)c1ccc(C#Cc2ccccc2)cc1,CCCCCCCCCCCCCCCCCl,-0.38827669199265824
CN(C)c1ccc(C#Cc2ccccc2)cc1,CC1CCCO1,-0.5030703519267851
CN(C)c1ccc(C#Cc2ccc(C#N)cc2)cc1,CC(C)CC(C)(C)C,-1.494850021680094
CN(C)c1ccc(C#Cc2ccc(C#N)cc2)cc1,CCCCCCCCCCCCCCCC,-0.5228787452803376
CN(C)c1ccc(C#Cc2ccc(C#N)cc2)cc1,CCCCCCCCCCCCCCCCCl,-0.4814860601221125
CN(C)c1ccc(C#Cc2ccc(C#N)cc2)cc1,CC1CCCO1,-1.00436480540245
COC(=O)c1ccc(C#Cc2ccc(N(C)C)cc2)cc1,CC(C)CC(C)(C)C,-0.5086383061657274
COC(=O)c1ccc(C#Cc2ccc(N(C)C)cc2)cc1,CCCCCCCCCCCCCCCC,-0.5030703519267851
COC(=O)c1ccc(C#Cc2ccc(N(C)C)cc2)cc1,CCCCCCCCCCCCCCCCCl,-0.4698003017969178
COC(=O)c1ccc(C#Cc2ccc(N(C)C)cc2)cc1,CC1CCCO1,-0.6055483191737837
CN(C)c1ccc(C#Cc2ccc(C=O)cc2)cc1,CC(C)CC(C)(C)C,-1.3565473235138126
CN(C)c1ccc(C#Cc2ccc(C=O)cc2)cc1,CCCCCCCCCCCCCCCC,-1.2518119729937995
CN(C)c1ccc(C#Cc2ccc(C=O)cc2)cc1,CCCCCCCCCCCCCCCCCl,-1.031517051446065
CN(C)c1ccc(C#Cc2ccc(C=O)cc2)cc1,CC1CCCO1,-0.6516951369518393
CC[n+]1ccc(/C=C/c2ccc3ccc4cccc5ccc2c3c45)cc1,OCC(O)CO,-0.6989700043360187
CC[N+]1=C(/C=C/c2ccc3ccc4cccc5ccc2c3c45)C(C)(C)c2ccccc21,OCC(O)CO,-1.3187587626244128
CC[n+]1ccc(/C=C/c2cc3cccc4ccc5cccc2c5c43)cc1,OCC(O)CO,-0.8538719643217619
CC[N+]1=C(/C=C/c2cc3cccc4ccc5cccc2c5c43)C(C)(C)c2ccccc21,OCC(O)CO,-1.3979400086720375
CC[N+]1=C(/C=C/c2cc3cc(C(C)(C)C)cc4ccc5cc(C(C)(C)C)cc2c5c43)C(C)(C)c2ccccc21,OCC(O)CO,-1.9208187539523751
CCN(CC)c1ccc2cc(/C=C/c3cccc[n+]3CCCS(=O)(=O)[O-])c(=O)oc2c1,OCC(O)CO,-0.721246399047171
CCN(CC)c1ccc2cc(-c3nc4ccccc4s3)c(=O)oc2c1,CCC(C)CC,-0.24412514432750865
CCN(CC)c1ccc2cc(-c3nc4ccccc4s3)c(=O)oc2c1,CC1CCCCC1,-0.25181197299379954
CC(C)(C)c1ccc2oc(-c3ccc(-c4nc5cc(C(C)(C)C)ccc5o4)s3)nc2c1,Clc1ccccc1Cl,-0.017728766960431602
CC(C)(C)c1ccc2oc(-c3ccc(-c4nc5cc(C(C)(C)C)ccc5o4)s3)nc2c1,CC1CCCCC1,-0.1804560644581313
NC(=O)Cc1cccc2ccccc12,[2H]O[2H],-1.1674910872937636
NC(=O)Cc1cccc2ccccc12,OCCO,-1.0177287669604316
Cc1ccc(C2=C3C=CC=[N+]3[B-](F)(F)n3cccc32)cc1,OCC(F)(F)F,-1.5086383061657274
Cc1ccc(C2=C3C=C(I)C=[N+]3[B-](F)(F)n3cccc32)cc1,OCC(F)(F)F,-2.0457574905606752
Cc1ccc(C2=C3C=C(I)C=[N+]3[B-](F)(F)n3cc(I)cc32)cc1,OCC(F)(F)F,-2.221848749616356
Cc1ccc(C2=C3C=C(I)C=[N+]3[B-](F)(F)n3c2cc(I)c3I)cc1,OCC(F)(F)F,-1.6575773191777938
Cc1ccc(C2=C3C=C(I)C(I)=[N+]3[B-](F)(F)n3c2cc(I)c3I)cc1,OCC(F)(F)F,-1.2291479883578558
CCC1=C(C)C2=C(C)c3cccn3[B-](F)(F)[N+]2=C1C,OCC(F)(F)F,-0.12493873660829995
CCC1=C(C)C2=C(C)c3cc(I)cn3[B-](F)(F)[N+]2=C1C,OCC(F)(F)F,-1.1249387366083
CCC1=C(C)C2=C(C)c3c(I)c(I)cn3[B-](F)(F)[N+]2=C1C,OCC(F)(F)F,-1.7212463990471711
CCC1=C(C)C2=C(C)c3cc(I)c(I)n3[B-](F)(F)[N+]2=C1C,OCC(F)(F)F,-0.958607314841775
CCC1=C(C)C2=C(C)c3c(I)c(I)c(I)n3[B-](F)(F)[N+]2=C1C,OCC(F)(F)F,-1.3979400086720375
CCC1=C(C)C2=Cc3cccn3[B-](F)(F)[N+]2=C1C,OCC(F)(F)F,-0.3098039199714863
CCC1=C(C)C2=Cc3cc(I)cn3[B-](F)(F)[N+]2=C1C,OCC(F)(F)F,-1.3010299956639813
CCC1=C(C)C2=Cc3c(I)c(I)cn3[B-](F)(F)[N+]2=C1C,OCC(F)(F)F,-1.8239087409443189
CCC1=C(C)C2=Cc3cc(I)c(I)n3[B-](F)(F)[N+]2=C1C,OCC(F)(F)F,-0.9208187539523752
CCC1=C(C)C2=Cc3c(I)c(I)c(I)n3[B-](F)(F)[N+]2=C1C,OCC(F)(F)F,-1.6777807052660807
NC(=O)CC[C@H](/[NH+]=C\C=C1\C=C(C(=O)O)N[C@H](C(=O)O)C1)C(=O)O,OCC(F)(F)F,-1.853871964321762
NC(=O)CC[C@H](/[NH+]=C\C=C1\C=C(C(=O)O)N[C@H](C(=O)O)C1)C(=O)O,OCCO,-1.408935392973501
c1ccc(N(c2ccccc2)c2ccc(-c3nc4c5ccccc5c5ccccc5c4[nH]3)cc2)cc1,C1COCCN1,-0.28399665636520083
c1ccc(N(c2ccccc2)c2ccc(-c3nc4c5ccccc5c5ccccc5c4[nH]3)cc2)cc1,CC(=O)O,-0.494850021680094
N#Cc1ccc(C[C@H](N)C(=O)O)cc1,NC=O,-1.080921907623926
N#Cc1ccc(C[C@H](N)C(=O)O)cc1,CC(O)CO,-1.0
N#Cc1ccc(C[C@H](N)C(=O)O)cc1,O=CO,-0.769551078621726
O=c1oc2ccccc2cc1-c1nc2ccccc2o1,CC1CCCCC1,-0.026872146400301365
O=c1oc2ccccc2cc1-c1nc2ccccc2o1,ClC(Cl)(Cl)Cl,-0.036212172654444715
O=c1oc2ccccc2cc1-c1nc2ccccc2o1,CC(C)CO,-0.09691001300805639
O=c1oc2ccccc2cc1-c1nc2ccccc2o1,OCCO,-0.16749108729376366
Cc1cc2c(o1)c(C)cc1ccc(=O)oc12,OCC(F)(F)F,-1.5228787452803376
N#C[Se]CCCCCOc1ccc2ccc(=O)oc2c1,OCCO,-0.7399286120149252
CN(C)c1ccc(/C=C/C=C/c2ccc(C#N)cc2)cc1,CCCCOCCCC,-1.1674910872937636
Cc1cc(N(C)C)cc(C)c1/C=C/C=C/c1ccc(C#N)cc1,CCCCOCCCC,-1.214670164989233
Cc1ccccc1/C(C#N)=C/c1ccc(N(C)C)cc1,CCCCCO,-2.0
Cc1ccc(C)n1-c1ccc(C#N)cc1,CCCCCl,-1.4559319556497243
Cc1ccc(C)n1-c1cccc(C#N)c1,CCCCCl,-2.3979400086720375
CN(C)c1ccc(/C=C/c2ccc(C#N)cc2)cc1,CCCCOCCCC,-1.537602002101044
CN(C)c1ccc(/C=C/c2ccc(C#N)cc2)cc1,CCCC#N,-1.207608310501746
CN(C)c1ccc(/C=C/C=C/c2ccc(C#N)cc2)cc1,CCCC#N,-0.9030899869919435
CN(C)c1ccc(C=C/C=C/C=C/c2ccc(C#N)cc2)cc1,CCCCOCCCC,-1.0915149811213503
CN(C)c1ccc(C=C/C=C/C=C/c2ccc(C#N)cc2)cc1,CCCC#N,-0.8477116556169435
N#Cc1ccc2nc3[nH]c(=O)[nH]c(=O)c3nc2c1,ClCCCl,-1.6575773191777938
N#Cc1ccc2nc3c(=O)[nH]c(=O)[nH]c3nc2c1,ClCCCl,-1.7958800173440752
Cc1ccc2nc3[nH]c(=O)[nH]c(=O)c3nc2c1,ClCCCl,-1.4685210829577449
Cc1ccc2nc3c(=O)[nH]c(=O)[nH]c3nc2c1,ClCCCl,-1.6197887582883939
CCN1C(=CC=Cc2n(CC)c3cc(Cl)c(Cl)cc3[n+]2CC)N(CC)c2cc(Cl)c(Cl)cc21,CCCCCCO,-1.2365720064370627
CCN1C(=CC=Cc2n(CC)c3cc(Cl)c(Cl)cc3[n+]2CC)N(CC)c2cc(Cl)c(Cl)cc21,OCCO,-1.1249387366083
CCN1C(=CC=Cc2n(CC)c3cc(Cl)c(Cl)cc3[n+]2CC)N(CC)c2cc(Cl)c(Cl)cc21,OCC(O)CO,-0.44369749923271273
CN(C)c1ccc(/C=C/c2nc3ccccc3s2)cc1,OCC(O)CO,-0.9393021596463883
c1ccc(-c2cc(-c3ccccc3)[o+]c(-c3ccccc3)c2)cc1,ClCCCl,-0.5528419686577808
c1ccc(-c2cc3c(oc4ccccc43)c(-c3ccccc3)[o+]2)cc1,ClCCCl,-1.0
O=C1c2ccc3c4ccc5c6c(ccc(c7ccc(c2c37)C(=O)N1c1ccc(O)cc1)c64)C(=O)N(c1ccc(O)cc1)C5=O,CN1CCCC1=O,-2.0
O=C1OC(=O)c2cc(Oc3ccccc3)c3c4ccc5c6c(cc(Oc7ccccc7)c(c7ccc1c2c73)c64)C(=O)OC5=O,CN1CCCC1=O,-0.6989700043360187
O=C1c2ccc3c4c(Oc5ccccc5)cc5c6c(ccc(c7c(Oc8ccccc8)cc(c2c37)C(=O)N1c1ccc(O)cc1)c64)C(=O)N(c1ccc(O)cc1)C5=O,CN1CCCC1=O,-0.6989700043360187
Cc1ccc(-c2cc(-c3ccccc3)c(C#N)c(=S)[nH]2)cc1,ClC(Cl)(Cl)Cl,-1.6777807052660807
CN(C)c1ccc2c(c1)Cc1ccccc1-2,CC(=O)N(C)C,-0.3979400086720376
CN(C)c1ccc2c(c1)Cc1ccccc1-2,CCCCCO,-0.721246399047171
CN(C)c1ccc2c(c1)Cc1ccccc1-2,OC1CCCCC1,-0.6575773191777937
CN(C)c1ccc2c(c1)Cc1ccccc1-2,CCCCCCO,-0.6575773191777937
CCn1c(=O)nc2n(C)c3cc(C)ccc3nc-2c1=O,ClCCCl,-0.9208187539523752
CCN(CC)c1ccc2ccc(=O)oc2c1,OCCO,-0.6020599913279624
CCC1=C(C)C2=C(c3c(C)cc(C)nc3-c3cccs3)c3c(C)c(CC)c(C)n3[B-](F)(F)[N+]2=C1C,ClC(Cl)(Cl)Cl,-0.3010299956639812
Oc1ccccc1/C=N/N=C/c1ccccc1O,CCCCCCCCC,-2.431798275933005
Oc1ccccc1/C=N/N=C/c1ccccc1O,CCCCCCCCCCCCCCCC,-2.3467874862246565
Oc1ccccc1/C=N/N=C/c1ccccc1O,CC(C)CCCC(C)CCCC(C)CCCCC(C)CCCC(C)CCCC(C)C,-2.408935392973501
Oc1ccccc1/C=N/N=C/c1ccccc1O,CCCCl,-2.795880017344075
Oc1ccccc1/C=N/N=C/c1ccccc1O,OCCO,-2.5850266520291822
Oc1ccccc1/C=N/N=C/c1ccccc1O,OCC(F)(F)F,-2.795880017344075
Oc1ccccc1/C=N/N=C/c1ccccc1O,OC(C(F)(F)F)C(F)(F)F,-2.5686362358410126
Oc1ccccc1/C=N/N=C/c1ccccc1O,CCN(CC)CC,-2.677780705266081
Cn1cccc1-c1ccc(C#N)cc1,CCCCOCCCC,0.0
Cn1cccc1-c1cc(C#N)ccc1C#N,CCCCOCCCC,-0.5512936800949201
Cc1cc(=O)oc2c1cc(Cl)c1occ(C)c12,OCC(F)(F)F,-1.6989700043360187
Cc1oc2c(Cl)cc3c(C)cc(=O)oc3c2c1C,OCC(F)(F)F,-1.3979400086720375
Cc1cc(=O)oc2c1cc(Br)c1occ(C)c12,OCC(F)(F)F,-2.3979400086720375
Cc1cc2c(o1)c(Br)cc1c(C)cc(=O)oc12,OCC(F)(F)F,-2.3010299956639813
CN(C)c1ccc(/C=C/C=C/c2nc3ccccc3o2)cc1,OCCO,-2.0555173278498313
CN(C)c1ccc(/C=C/C=C/c2nc3ccccc3o2)cc1,OCC(O)CO,-1.4449055514216809
CN(C)c1ccc(/C=C/C=C/c2nc3ccccc3s2)cc1,OCCO,-2.207608310501746
CN(C)c1ccc(/C=C/C=C/c2nc3ccccc3s2)cc1,OCC(O)CO,-1.408935392973501
COc1c2ccccc2c(-c2ccccc2)c2ccccc12,OCCO,-0.37675070960209955
COc1c2ccccc2c(-c2ccccc2)c2ccccc12,OCC(O)CO,-0.14874165128092473
O=CC1=Cc2c(-c3ccccc3)oc(-c3ccccc3)c2C=C(C=O)C1,ClCCCl,-0.585026652029182
CCNc1ccc2c(C(F)(F)F)cc(=O)oc2c1,CCCC(C)C,-0.11350927482751812
CCNc1ccc2c(C(F)(F)F)cc(=O)oc2c1,CCC(C)CC,-0.12493873660829995
CCNc1ccc2c(C(F)(F)F)cc(=O)oc2c1,CC1CCCCC1,-0.11350927482751812
CCNc1ccc2c(C(F)(F)F)cc(=O)oc2c1,C1CCC2CCCCC2C1,-0.14266750356873156
CCNc1ccc2c(C(F)(F)F)cc(=O)oc2c1,CCCCCCO,-0.26760624017703144
Cc1cc(C(F)(F)F)nc2c1ccc1nc(-c3ccc(F)c(F)c3)cn12,CCCCOC(C)=O,-0.10790539730951958
Cc1cc(C(F)(F)F)nc2c1ccc1nc(-c3ccc(Cl)cc3)cn12,CCCCOC(C)=O,-0.11918640771920865
C(=C/c1ccnc2ccccc12)\c1ccc(/C=C/c2ccnc3ccccc23)cc1,OCCO,-0.7033348097384688
C[n+]1ccc(/C=C/c2ccc(N(c3ccccc3)c3ccc(/C=C/c4cc[n+](C)cn4)cc3)cc2)nc1,OCC(O)CO,-1.585026652029182
C[n+]1ccc(/C=C/c2ccc(N(c3ccccc3)c3ccc(/C=C/c4cc[n+](C)cc4)cc3)cc2)cc1,OCC(O)CO,-0.958607314841775
O=C(O)C1=C/C(=C/C=[N+]2/c3cc(O)c(C[C@@H]4O[C@H](CO)[C@@H](O)C(O)[C@H]4O)cc3C[C@H]2C(=O)O)C[C@@H](C(=O)O)N1,[2H]O[2H],-2.958607314841775
O=C(O)C1=C/C(=C/C=[N+]2/c3cc(O)c(C[C@@H]4O[C@H](CO)[C@@H](O)C(O)[C@H]4O)cc3C[C@H]2C(=O)O)C[C@@H](C(=O)O)N1,OCCO,-2.337242168318426
O=C(O)C1=C/C(=C/C=[N+]2/c3cc(O)c(C[C@@H]4O[C@H](CO)[C@@H](O)C(O)[C@H]4O)cc3C[C@H]2C(=O)O)C[C@H](C(=O)O)N1,[2H]O[2H],-3.0
O=C(O)C1=C/C(=C/C=[N+]2/c3cc(O)c(C[C@@H]4O[C@H](CO)[C@@H](O)C(O)[C@H]4O)cc3C[C@H]2C(=O)O)C[C@H](C(=O)O)N1,OCCO,-2.3872161432802645
O=C(O)C1=CC(=C/C=[N+]2/c3cc(O)c(C[C@@H]4O[C@H](CO)[C@@H](O)C(O)[C@H]4O)cc3C[C@H]2C(=O)O)C=C(C(=O)O)N1,[2H]O[2H],-3.5228787452803374
O=C(O)C1=CC(=C/C=[N+]2/c3cc(O)c(C[C@@H]4O[C@H](CO)[C@@H](O)C(O)[C@H]4O)cc3C[C@H]2C(=O)O)C=C(C(=O)O)N1,OCCO,-2.795880017344075
O=c1c(Nc2ccccc2)c([O-])c1=[NH+]c1ccccc1,CN1CCCC1=O,-2.337242168318426
c1cc(N2CCCC2)ccn1,CC1CCCCC1,-1.0457574905606752
N#Cc1ccccc1N,OCC(F)(F)F,-2.154901959985743
N#Cc1cccc(N)c1,OCC(F)(F)F,-2.2676062401770314
N#Cc1ccc(N)cc1,OCC(F)(F)F,-2.283996656365201
CN(C)/C=N\c1ccc2c3c(cccc13)C(=O)c1ccccc1-2,ClC(Cl)(Cl)Cl,-0.619788758288394
CCN(CC)/C(C)=N\c1ccc2c3c(cccc13)C(=O)c1ccccc1-2,ClC(Cl)(Cl)Cl,-0.5086383061657274
O=C1c2ccccc2-c2ccc(N3CCOCC3)c3cccc1c23,ClC(Cl)(Cl)Cl,-0.744727494896694
Nc1ncnc2c1c(-c1ccc3ccccc3c1)nn2[C@H]1C[C@H](O)[C@@H](CO)O1,OCCO,-0.6777807052660807
Nc1ncnc2c1c(-c1ccc3ccccc3c1)nn2[C@H]1C[C@H](O)[C@@H](CO)O1,OCC(O)CO,-0.958607314841775
N#Cc1ccc2cc(-c3nn([C@H]4C[C@H](O)[C@@H](CO)O4)c4ncnc(N)c34)ccc2c1,OCCO,-0.6020599913279624
N#Cc1ccc2cc(-c3nn([C@H]4C[C@H](O)[C@@H](CO)O4)c4ncnc(N)c34)ccc2c1,OCC(O)CO,-0.769551078621726
Nc1c(-c2nn([C@H]3C[C@H](O)[C@@H](CO)O3)c3ncnc(N)c23)ccc2ccccc12,OCCO,-2.0
Nc1c(-c2nn([C@H]3C[C@H](O)[C@@H](CO)O3)c3ncnc(N)c23)ccc2ccccc12,OCC(O)CO,-1.154901959985743
N#Cc1cccc2c(N)c(-c3nn([C@H]4C[C@H](O)[C@@H](CO)O4)c4ncnc(N)c34)ccc12,OCCO,-1.0969100130080565
N#Cc1cccc2c(N)c(-c3nn([C@H]4C[C@H](O)[C@@H](CO)O4)c4ncnc(N)c34)ccc12,OCC(O)CO,-0.9208187539523752
O=C1NC(=O)/C(=C\c2ccccc2O)S1,OCCO,-0.9393021596463883
COc1cc(/C=C2/SC(=O)NC2=O)ccc1O,OCCO,-0.9829666607012196
COc1cc(/C=C2/SC(=O)NC2=O)cc(OC)c1O,OCCO,-0.9665762445130504
O=C1NC(=O)/C(=C\c2ccccc2O)S1,OCC(O)CO,-0.19928292171761497
COc1cc(/C=C2/SC(=O)NC2=O)ccc1O,OCC(O)CO,-0.4559319556497244
COc1cc(/C=C2/SC(=O)NC2=O)cc(OC)c1O,OCC(O)CO,-0.42021640338318983
CC1=CC(C)=[N+]2C1=C(c1ccc(N(C)C)cc1)c1c(C)cc(C)n1[B-]2(F)F,CC(=O)C(C)(C)C,-1.8239087409443189
CC1=[N+]2C(=C(c3ccc(N(C)C)cc3)c3ccc(C)n3[B-]2(F)F)C=C1,CC(=O)C(C)(C)C,-1.6197887582883939
CC1=CC(C)=[N+]2C1=C(c1ccc(N3CCCCC3)cc1)c1c(C)cc(C)n1[B-]2(F)F,CC(=O)C(C)(C)C,-1.6197887582883939
CC1=[N+]2C(=C(c3ccc(N4CCCCC4)cc3)c3ccc(C)n3[B-]2(F)F)C=C1,CC(=O)C(C)(C)C,-2.3979400086720375
CC1=CC(C)=[N+]2C1=C(c1ccc(N3CCOCC3)cc1)c1c(C)cc(C)n1[B-]2(F)F,CC(=O)C(C)(C)C,-1.2006594505464183
CC1=[N+]2C(=C(c3ccc(N4CCOCC4)cc3)c3ccc(C)n3[B-]2(F)F)C=C1,CC(=O)C(C)(C)C,-2.6989700043360187
NNC(=O)NNN1C(=O)c2cc(S(=O)(=O)[O-])cc3c(N)c(S(=O)(=O)[O-])cc(c23)C1=O,c1ccncc1,-0.585026652029182
NNC(=O)NNN1C(=O)c2cc(S(=O)(=O)[O-])cc3c(N)c(S(=O)(=O)[O-])cc(c23)C1=O,CCCCCCCCO,-0.12493873660829995
NNC(=O)NNN1C(=O)c2cc(S(=O)(=O)[O-])cc3c(N)c(S(=O)(=O)[O-])cc(c23)C1=O,OCCO,-0.3010299956639812
CC(=O)c1ccc2ccc3c(NCCC(=O)NCCCCCCc4nc5c(=O)[nH]c(N)nc5n4[C@H]4C[C@H](O)[C@@H](CO)O4)ccc4ccc1c2c43,OCC(O)CO,-0.42021640338318983
O=C1c2ccc3c4ccc5c6c(ccc(c7ccc(c2c37)C(=O)N1c1ccncc1)c64)C(=O)N(c1ccncc1)C5=O,ClC(Cl)(Cl)Cl,-0.01322826573375516
N#Cc1ccc(/C=C/c2ccc3ccc4cccc5ccc2c3c45)cc1,CC1CCCCC1,-0.09691001300805639
N#Cc1ccc(/C=C/c2c3ccccc3cc3ccccc23)cc1,CC1CCCCC1,-0.5686362358410126
CCN(CC)c1ccc2c(C)cc(=O)oc2c1,CCCCCCCCO,-0.16749108729376366
CCN(CC)c1ccc2c(C)cc(=O)oc2c1,CCCCCCO,-0.1804560644581313
O=S1(=O)c2ccc(-c3ccc4c(c3)c3ccccc3n4-c3ccccc3)cc2C2(c3cc(-c4ccc5c(c4)c4ccccc4n5-c4ccccc4)ccc31)c1cc(-c3ccc4c(c3)c3ccccc3n4-c3ccccc3)ccc1S(=O)(=O)c1ccc(-c3ccc4c(c3)c3ccccc3n4-c3ccccc3)cc12,CC1CCCO1,-0.08092190762392612
O=CN1N=C(c2ccc(Br)cc2)C[C@@H]1c1ccccc1,ClC(Cl)(Cl)Cl,-1.6989700043360187
Cc1cccc2c3ccccc3n(-c3ccc(-c4c(-c5ccccc5)c(C#N)c(C#N)c(-c5ccccc5)c4-c4ccc(-n5c6ccccc6c6cccc(C)c65)cc4)cc3)c12,O=P(c1ccccc1)(c1ccccc1)c1ccc2oc3ccc(P(=O)(c4ccccc4)c4ccccc4)cc3c2c1,-0.2006594505464183
CC1(C)c2ccccc2N(c2ccc(-c3cc(C#N)c(C#N)cc3-c3ccc(N4c5ccccc5C(C)(C)c5ccccc54)cc3)cc2)c2ccccc21,c1cc(-c2cccc(-n3c4ccccc4c4ccccc43)c2)cc(-n2c3ccccc3c3ccccc32)c1,-0.06550154875643228
N#Cc1cc(-c2ccc(N3c4ccccc4Oc4ccccc43)cc2)c(-c2ccc(N3c4ccccc4Oc4ccccc43)cc2)cc1C#N,c1cc(-c2cccc(-n3c4ccccc4c4ccccc43)c2)cc(-n2c3ccccc3c3ccccc32)c1,-0.11350927482751812
CC1(C)c2ccccc2N(c2ccc(-c3nc(C#N)c(C#N)nc3-c3ccc(N4c5ccccc5C(C)(C)c5ccccc54)cc3)cc2)c2ccccc21,c1cc(-c2cccc(-n3c4ccccc4c4ccccc43)c2)cc(-n2c3ccccc3c3ccccc32)c1,-0.17392519729917355
N#Cc1nc(-c2ccc(N3c4ccccc4Oc4ccccc43)cc2)c(-c2ccc(N3c4ccccc4Oc4ccccc43)cc2)nc1C#N,c1cc(-c2cccc(-n3c4ccccc4c4ccccc43)c2)cc(-n2c3ccccc3c3ccccc32)c1,-0.8239087409443188
CC1(C)c2ccccc2N(c2ccc(-c3ccc(C#N)nc3)cc2)c2ccccc21,N#Cc1ccc2c(c1)c1ccccc1n2-c1cccc(-n2c3ccccc3c3ccccc32)c1,-0.0381045263321496
CC1(C)c2ccccc2N(c2ccc(-c3ccc(C#N)cn3)cc2)c2ccccc21,N#Cc1ccc2c(c1)c1ccccc1n2-c1cccc(-n2c3ccccc3c3ccccc32)c1,-0.049148541111453566
CC1(C)c2ccccc2N(c2ccc(-c3ccc(C#N)c(C#N)n3)cc2)c2ccccc21,N#Cc1ccc2c(c1)c1ccccc1n2-c1cccc(-n2c3ccccc3c3ccccc32)c1,-0.04383156952463668
CC1(C)c2ccccc2N(c2ccc(-c3cnc(C#N)nc3)cc2)c2ccccc21,N#Cc1ccc2c(c1)c1ccccc1n2-c1cccc(-n2c3ccccc3c3ccccc32)c1,0.0
CC1(C)c2ccccc2N(c2ccc(-c3ncc(C#N)cn3)cc2)c2ccccc21,N#Cc1ccc2c(c1)c1ccccc1n2-c1cccc(-n2c3ccccc3c3ccccc32)c1,-0.022276394711152253
CC1(C)c2ccccc2N(c2ccc(-c3ccc(C#N)cc3)cc2)c2ccccc21,N#Cc1ccc2c(c1)c1ccccc1n2-c1cccc(-n2c3ccccc3c3ccccc32)c1,-0.44369749923271273
CC1(C)c2ccccc2N(c2ccc(-c3cccc(C#N)c3)cc2)c2ccccc21,N#Cc1ccc2c(c1)c1ccccc1n2-c1cccc(-n2c3ccccc3c3ccccc32)c1,-0.8239087409443188
CC1(C)c2ccccc2N(c2ccc(C(=O)c3cc(C(=O)c4ccc(N5c6ccccc6C(C)(C)c6ccccc65)cc4)cc(C(=O)c4ccc(N5c6ccccc6C(C)(C)c6ccccc65)cc4)c3)cc2)c2ccccc21,c1ccc2c(c1)c1ccccc1n2-c1ccc(-c2ccc(-n3c4ccccc4c4ccccc43)cc2)cc1,-0.06752623532284678
CC1(C)c2ccccc2N(c2ccccc2)c2ccc(-c3ccc(-c4ccc5c(c4)C(C)(C)c4ccccc4N5c4ccccc4)c4nsnc34)cc21,c1ccc2c(c1)c1ccccc1n2-c1ccc(-c2ccc(-n3c4ccccc4c4ccccc43)cc2)cc1,-0.036212172654444715
O=c1c2ccc(-c3ccc(N(c4ccccc4)c4ccccc4)cc3)cc2sc2cccc(-c3ccc(N(c4ccccc4)c4ccccc4)cc3)c12,c1ccc2c(c1)c1ccccc1n2-c1ccc(-c2ccc(-n3c4ccccc4c4ccccc43)cc2)cc1,-1.6020599913279623
O=c1c2ccc(-c3ccc(N(c4ccccc4)c4ccccc4)cc3)cc2sc2cc(-c3ccc(N(c4ccccc4)c4ccccc4)cc3)ccc12,c1ccc2c(c1)c1ccccc1n2-c1ccc(-c2ccc(-n3c4ccccc4c4ccccc43)cc2)cc1,-0.4559319556497244
O=C1c2ccc(-c3ccc(N(c4ccccc4)c4ccccc4)cc3)cc2S(=O)(=O)c2cccc(-c3ccc(N(c4ccccc4)c4ccccc4)cc3)c21,c1ccc2c(c1)c1ccccc1n2-c1ccc(-c2ccc(-n3c4ccccc4c4ccccc43)cc2)cc1,-1.3979400086720375
O=C1c2ccc(-c3ccc(N(c4ccccc4)c4ccccc4)cc3)cc2S(=O)(=O)c2cc(-c3ccc(N(c4ccccc4)c4ccccc4)cc3)ccc21,c1ccc2c(c1)c1ccccc1n2-c1ccc(-c2ccc(-n3c4ccccc4c4ccccc43)cc2)cc1,-0.17069622716897506
O=c1c2ccccc2n2c3ccc(-c4ccccc4)cc3c(=O)c3cccc1c32,c1cc(-n2c3ccccc3c3ccccc32)cc(-n2c3ccccc3c3ccccc32)c1,-0.1366771398795441
O=c1c2ccccc2n2c3ccccc3c(=O)c3cc(-c4ccccc4)cc1c32,c1cc(-n2c3ccccc3c3ccccc32)cc(-n2c3ccccc3c3ccccc32)c1,-0.16749108729376366
CCCCCCCCC1(CCCCCCCC)c2cc(-c3ccc(C(F)(F)F)cc3)ccc2-c2ccc(N(c3ccc(-n4c5ccccc5c5ccccc54)cc3)c3ccc4c(c3)C(CCCCCCCC)(CCCCCCCC)c3cc(-c5ccc(C(F)(F)F)cc5)ccc3-4)cc21,CCN(CC)CC,-0.28399665636520083
CCCCCCCCC1(CCCCCCCC)c2cc(-c3ccc(C(F)(F)F)cc3)ccc2-c2ccc(N(c3ccc(-n4c5ccccc5c5ccccc54)cc3)c3ccc4c(c3)C(CCCCCCCC)(CCCCCCCC)c3cc(-c5ccc(C(F)(F)F)cc5)ccc3-4)cc21,CCCCOCCCC,-0.17392519729917355
CCCCCCCCC1(CCCCCCCC)c2ccccc2-c2ccc(N(c3ccc(-n4c5ccccc5c5ccccc54)cc3)c3ccc4c(c3)C(CCCCCCCC)(CCCCCCCC)c3ccccc3-4)cc21,CCN(CC)CC,-0.5686362358410126
CCCCCCCCC1(CCCCCCCC)c2ccccc2-c2ccc(N(c3ccc(-n4c5ccccc5c5ccccc54)cc3)c3ccc4c(c3)C(CCCCCCCC)(CCCCCCCC)c3ccccc3-4)cc21,CCCCOCCCC,-0.6020599913279624
Cc1cc(C)c(B(c2c(C)cc(C)cc2C)c2c(C)cc(N3c4ccccc4Oc4ccccc43)cc2C)c(C)c1,c1ccc2c(c1)c1ccccc1n2-c1ccc(-c2ccc(-n3c4ccccc4c4ccccc43)cc2)cc1,-0.036212172654444715
c1ccc(N(c2ccccc2)c2cc3c4c(c2)N(c2ccccc2)c2cc5c(cc2B4c2ccccc2N3c2ccccc2)B2c3ccccc3N(c3ccccc3)c3cc(N(c4ccccc4)c4ccccc4)cc(c32)N5c2ccccc2)cc1,Cc1ccccc1-c1cccc(Oc2cc3c4c(c2)Oc2cc(-c5ccccc5C)ccc2B4c2ccc(-c4ccccc4C)cc2O3)c1,-0.08618614761628333
c1ccc(-c2nnc(-c3ccc(N4c5ccccc5N(c5ccccc5)c5ccccc54)cc3)o2)cc1,c1cc(-n2c3ccccc3c3ccccc32)cc(-n2c3ccccc3c3ccccc32)c1,-0.3467874862246563
c1ccc(-c2nnc(-c3ccc(N4c5ccccc5N(c5ccccc5)c5ccccc54)cc3)n2-c2ccccc2)cc1,c1cc(-n2c3ccccc3c3ccccc32)cc(-n2c3ccccc3c3ccccc32)c1,-0.37675070960209955
c1ccc(-c2nnc(-c3ccccc3)n2-c2ccc(N3c4ccccc4N(c4ccccc4)c4ccccc43)cc2)cc1,c1cc(-n2c3ccccc3c3ccccc32)cc(-n2c3ccccc3c3ccccc32)c1,-0.9208187539523752
O=S(=O)(c1ccc(N2c3ccccc3N(c3ccccc3)c3ccccc32)cc1)c1ccc(N2c3ccccc3N(c3ccccc3)c3ccccc32)cc1,c1cc(-n2c3ccccc3c3ccccc32)cc(-n2c3ccccc3c3ccccc32)c1,-0.6989700043360187
O=S(=O)(c1ccc(N2c3ccccc3Oc3ccccc32)cc1)c1ccc(N2c3ccccc3Oc3ccccc32)cc1,c1cc(-n2c3ccccc3c3ccccc32)cc(-n2c3ccccc3c3ccccc32)c1,-0.045757490560675115
CC1(C)c2ccccc2N(c2ccc(S(=O)(=O)c3ccc(N4c5ccccc5C(C)(C)c5ccccc54)cc3)cc2)c2ccccc21,c1cc(-n2c3ccccc3c3ccccc32)cc(-n2c3ccccc3c3ccccc32)c1,-0.09691001300805639
c1ccc(-c2nc(-c3ccccc3)nc(-c3ccc(-c4ccc(N5c6ccccc6[Si](c6ccccc6)(c6ccccc6)c6ccccc65)cc4)cc3)n2)cc1,c1cc(-n2c3ccccc3c3ccccc32)cc(-n2c3ccccc3c3ccccc32)c1,-0.42021640338318983
O=C(c1ccc(N2c3ccccc3[Si](c3ccccc3)(c3ccccc3)c3ccccc32)cc1)c1ccc(N2c3ccccc3[Si](c3ccccc3)(c3ccccc3)c3ccccc32)cc1,c1cc(-n2c3ccccc3c3ccccc32)cc(-n2c3ccccc3c3ccccc32)c1,-0.1549019599857432
O=S(=O)(c1ccc(N2c3ccccc3[Si](c3ccccc3)(c3ccccc3)c3ccccc32)cc1)c1ccc(N2c3ccccc3[Si](c3ccccc3)(c3ccccc3)c3ccccc32)cc1,c1cc(-n2c3ccccc3c3ccccc32)cc(-n2c3ccccc3c3ccccc32)c1,-0.6989700043360187
c1ccc(-c2nc(-c3ccccc3)nc(-c3cc(-n4c5ccccc5c5ccccc54)c(-n4c5ccccc5c5ccccc54)c(-n4c5ccccc5c5ccccc54)c3)n2)cc1,O=P(c1ccccc1)(c1ccccc1)c1ccc2oc3ccc(P(=O)(c4ccccc4)c4ccccc4)cc3c2c1,-0.08618614761628333
c1ccc(-c2nc(-c3ccccc3)nc(-c3cc(-n4c5ccccc5c5ccccc54)c(-n4c5ccccc5c5ncccc54)c(-n4c5ccccc5c5ccccc54)c3)n2)cc1,O=P(c1ccccc1)(c1ccccc1)c1ccc2oc3ccc(P(=O)(c4ccccc4)c4ccccc4)cc3c2c1,-0.10237290870955855
c1ccc(-c2nc(-c3ccccc3)nc(-c3cc(-n4c5ccccc5c5ncccc54)c(-n4c5ccccc5c5ncccc54)c(-n4c5ccccc5c5ncccc54)c3)n2)cc1,O=P(c1ccccc1)(c1ccccc1)c1ccc2oc3ccc(P(=O)(c4ccccc4)c4ccccc4)cc3c2c1,-0.26760624017703144
c1ccc(-c2nc(-c3ccccc3)nc(-c3cc(-n4c5ccccc5c5ccccc54)cc(-n4c5ccccc5c5ccccc54)c3)n2)cc1,O=P(c1ccccc1)(c1ccccc1)c1ccc2oc3ccc(P(=O)(c4ccccc4)c4ccccc4)cc3c2c1,-0.23657200643706275
c1ccc(-c2nc(-c3ccccc3)nc(-c3cc(-n4c5ccccc5c5ncccc54)cc(-n4c5ccccc5c5ncccc54)c3)n2)cc1,O=P(c1ccccc1)(c1ccccc1)c1ccc2oc3ccc(P(=O)(c4ccccc4)c4ccccc4)cc3c2c1,-0.6777807052660807
CC1(C)c2ccccc2N(c2ccc(-c3nc([C@]45CC6CC(C[C@@H](C6)C4)C5)nc([C@]45C[C@@H]6C[C@H](C[C@H](C6)C4)C5)n3)cc2)c2ccccc21,CC(C)(C)c1ccc(-n2c3ccc([Si](c4ccccc4)(c4ccccc4)c4ccccc4)cc3c3cc([Si](c4ccccc4)(c4ccccc4)c4ccccc4)ccc32)cc1,-0.08092190762392612
c1ccc2c(c1)-c1ccccc1C21c2ccccc2N(c2ccc(-c3nc([C@]45CC6CC(C[C@@H](C6)C4)C5)nc([C@]45C[C@@H]6C[C@H](C[C@H](C6)C4)C5)n3)cc2)c2ccccc21,CC(C)(C)c1ccc(-n2c3ccc([Si](c4ccccc4)(c4ccccc4)c4ccccc4)cc3c3cc([Si](c4ccccc4)(c4ccccc4)c4ccccc4)ccc32)cc1,-0.11918640771920865
c1ccc(C2(c3ccccc3)c3ccccc3N(c3ccc(-c4nc([C@]56CC7CC(C[C@@H](C7)C5)C6)nc([C@]56C[C@@H]7C[C@H](C[C@H](C7)C5)C6)n4)cc3)c3ccccc32)cc1,CC(C)(C)c1ccc(-n2c3ccc([Si](c4ccccc4)(c4ccccc4)c4ccccc4)cc3c3cc([Si](c4ccccc4)(c4ccccc4)c4ccccc4)ccc32)cc1,-0.1549019599857432
c1ccc2c(c1)-c1ccccc1C21c2ccccc2N(c2ccc(-c3nc([C@]45CC6CC(C[C@@H](C6)C4)C5)nc([C@]45C[C@@H]6C[C@H](C[C@H](C6)C4)C5)n3)cc2)c2ccccc21,Cc1cc(-n2c3ccccc3c3ccccc32)ccc1-c1ccc(-n2c3ccccc3c3ccccc32)cc1C,-0.44369749923271273
c1ccc2c(c1)-c1ccccc1C21c2ccccc2N(c2ccc(-c3nc([C@]45CC6CC(C[C@@H](C6)C4)C5)nc([C@]45C[C@@H]6C[C@H](C[C@H](C6)C4)C5)n3)cc2)c2ccccc21,CC1(C)c2ccccc2N(c2cccc(N3c4ccccc4C(C)(C)c4ccccc43)c2)c2ccccc21,-0.17392519729917355
c1ccc2c(c1)-c1ccccc1C21c2ccccc2N(c2ccc(-c3nc([C@]45CC6CC(C[C@@H](C6)C4)C5)nc([C@]45C[C@@H]6C[C@H](C[C@H](C6)C4)C5)n3)cc2)c2ccccc21,O=P(c1ccccc1)(c1ccccc1)c1ccc([Si](c2ccccc2)(c2ccccc2)c2ccccc2)cc1,-0.07572071393811836
Cc1cc(C)c(C)c(B(c2c(C)c(C)cc(C)c2C)c2c(C)c(C)c(N3c4ccccc4Oc4ccccc43)c(C)c2C)c1C,CC(C)(C)c1ccc(-n2c3ccc([Si](c4ccccc4)(c4ccccc4)c4ccccc4)cc3c3cc([Si](c4ccccc4)(c4ccccc4)c4ccccc4)ccc32)cc1,-0.9208187539523752
Cc1cc(C)c(C)c(B(c2c(C)c(C)c(N3c4ccccc4Oc4ccccc43)c(C)c2C)c2c(C)c(C)c(N3c4ccccc4Oc4ccccc43)c(C)c2C)c1C,CC(C)(C)c1ccc(-n2c3ccc([Si](c4ccccc4)(c4ccccc4)c4ccccc4)cc3c3cc([Si](c4ccccc4)(c4ccccc4)c4ccccc4)ccc32)cc1,-0.3279021420642826
Cc1c(C)c(N2c3ccccc3Oc3ccccc32)c(C)c(C)c1B(c1c(C)c(C)c(N2c3ccccc3Oc3ccccc32)c(C)c1C)c1c(C)c(C)c(N2c3ccccc3Oc3ccccc32)c(C)c1C,CC(C)(C)c1ccc(-n2c3ccc([Si](c4ccccc4)(c4ccccc4)c4ccccc4)cc3c3cc([Si](c4ccccc4)(c4ccccc4)c4ccccc4)ccc32)cc1,-0.022276394711152253
O=C(c1ccc(N2c3ccccc3Oc3ccccc32)cc1)c1ccc(N2c3ccccc3Oc3ccccc32)cc1,c1cc(-n2c3ccccc3c3ccccc32)cc(-n2c3ccccc3c3ccccc32)c1,-0.1549019599857432
O=C(c1ccc(N2c3ccccc3Oc3ccccc32)cc1)c1cccc(C(=O)c2ccc(N3c4ccccc4Oc4ccccc43)cc2)c1,c1cc(-c2cccc(-n3c4ccccc4c4ccccc43)c2)cc(-n2c3ccccc3c3ccccc32)c1,-0.14874165128092473
O=C(c1ccc(C(=O)c2ccc(N3c4ccccc4Oc4ccccc43)cc2)cc1)c1ccc(N2c3ccccc3Oc3ccccc32)cc1,c1cc(-c2cccc(-n3c4ccccc4c4ccccc43)c2)cc(-n2c3ccccc3c3ccccc32)c1,-0.44369749923271273
Cc1ccc2c(c1)C1(c3ccccc3-c3ccccc31)c1cc(C)ccc1N2c1ccc(-c2nc(-c3ccccc3)cc(-c3ccccc3)n2)cc1,O=P(c1ccccc1)(c1ccccc1)c1ccc2oc3ccc(P(=O)(c4ccccc4)c4ccccc4)cc3c2c1,-0.060480747381381476
Cc1ccc2c(c1)C1(c3ccccc3Oc3ccccc31)c1cc(C)ccc1N2c1ccc(-c2nc(-c3ccccc3)cc(-c3ccccc3)n2)cc1,O=P(c1ccccc1)(c1ccccc1)c1ccc2oc3ccc(P(=O)(c4ccccc4)c4ccccc4)cc3c2c1,-0.16115090926274472
Cc1ccc2c(c1)C1(c3ccccc3-c3ccccc31)c1cc(C)ccc1N2c1ccc(-c2ncccn2)cc1,O=P(c1ccccc1)(c1ccccc1)c1ccc2oc3ccc(P(=O)(c4ccccc4)c4ccccc4)cc3c2c1,-0.040958607678906384
Cc1ccc2c(c1)C1(c3ccccc3Oc3ccccc31)c1cc(C)ccc1N2c1ccc(-c2ncccn2)cc1,O=P(c1ccccc1)(c1ccccc1)c1ccc2oc3ccc(P(=O)(c4ccccc4)c4ccccc4)cc3c2c1,-0.045757490560675115
CC1(C)c2ccccc2N(c2ccc(-c3ncccn3)cc2)c2ccccc21,O=P(c1ccccc1)(c1ccccc1)c1ccc2oc3ccc(P(=O)(c4ccccc4)c4ccccc4)cc3c2c1,-0.08092190762392612
CC1(C)c2ccccc2N(c2ccc3c(c2)C2(c4cc(N5c6ccccc6C(C)(C)c6ccccc65)ccc4-3)c3ccccc3S(=O)(=O)c3ccccc32)c2ccccc21,c1ccc2c(c1)c1ccccc1n2-c1ccc(N(c2ccc(-n3c4ccccc4c4ccccc43)cc2)c2ccc(-n3c4ccccc4c4ccccc43)cc2)cc1,-0.38721614328026455
CC(C)c1cc(C(C)C)c(B2c3ccccc3Oc3cc(-n4c5ccccc5c5c6c(c7ccccc7n6-c6ccccc6)c6c(c7ccccc7n6-c6ccccc6)c54)ccc32)c(C(C)C)c1,CC(C)c1cc(C(C)C)c(-c2ccc(-n3c4ccccc4n4c5ccccc5nc34)nc2)c(C(C)C)c1,-0.10513034325474745
CC(C)c1cc(C(C)C)c(B2c3ccccc3Oc3cc(-n4c5ccccc5c5ccc6c(c7ccccc7n6-c6ccccc6)c54)ccc32)c(C(C)C)c1,CC(C)c1cc(C(C)C)c(-c2ccc(-n3c4ccccc4n4c5ccccc5nc34)nc2)c(C(C)C)c1,-0.2958494831602009
CC(C)(C)c1ccc2c(c1)c1cc(C(C)(C)C)ccc1n2-c1ccccc1-c1nccnc1C#N,c1cc(-n2c3ccccc3c3ccccc32)cc(-n2c3ccccc3c3ccccc32)c1,-0.3279021420642826
CC(C)(C)c1ccc2c(c1)c1cc(C(C)(C)C)ccc1n2-c1ccc(-n2c3ccc(C(C)(C)C)cc3c3cc(C(C)(C)C)ccc32)c(-c2nccnc2C#N)c1,c1cc(-n2c3ccccc3c3ccccc32)cc(-n2c3ccccc3c3ccccc32)c1,-0.3565473235138126
CC(C)(C)c1ccc2c(c1)c1cc(C(C)(C)C)ccc1n2-c1ccc(S(=O)(=O)c2ccc(-n3c4ccc(C(C)(C)C)cc4c4cc(C(C)(C)C)ccc43)cn2)nc1,O=P(c1ccccc1)(c1ccccc1)c1ccc2sc3cccc(P(=O)(c4ccccc4)c4ccccc4)c3c2c1,-0.20760831050174613
CC(C)(C)c1ccc2c(c1)c1cc(C(C)(C)C)ccc1n2-c1ccc(S(=O)(=O)c2ccc(-n3c4ccc(C(C)(C)C)cc4c4cc(C(C)(C)C)ccc43)nc2)cn1,O=P(c1ccccc1)(c1ccccc1)c1ccc2sc3cccc(P(=O)(c4ccccc4)c4ccccc4)c3c2c1,-0.17392519729917355
O=C(c1ccccc1)c1cc2ccc1CCc1ccc(cc1-c1ccc(N(c3ccccc3)c3ccccc3)cc1)CC2,c1cc(-n2c3ccccc3c3ccccc32)cc(-n2c3ccccc3c3ccccc32)c1,-0.9208187539523752
O=C(c1ccccc1)c1cc2ccc1CCc1ccc(c(-c3ccc(N(c4ccccc4)c4ccccc4)cc3)c1)CC2,c1cc(-n2c3ccccc3c3ccccc32)cc(-n2c3ccccc3c3ccccc32)c1,-0.8239087409443188
c1ccc(-c2nc(-c3ccccc3)nc(-c3ccc(-n4c5ccccc5c5ccc6c7ccccc7n(-c7ccccc7)c6c54)cc3)n2)cc1,O=P(c1ccccc1)(c1ccccc1)c1ccc2oc3ccc(P(=O)(c4ccccc4)c4ccccc4)cc3c2c1,-0.07572071393811836
c1ccc(-c2nc(-c3ccccc3)nc(-c3ccc(-n4c5ccccc5c5ccc6c(c7ccccc7n6-c6ccccc6)c54)cc3)n2)cc1,O=P(c1ccccc1)(c1ccccc1)c1ccc2oc3ccc(P(=O)(c4ccccc4)c4ccccc4)cc3c2c1,-0.045757490560675115
c1ccc(-c2nc(-c3ccccc3)nc(-c3ccc(-n4c5ccccc5c5cc6c(cc54)c4ccccc4n6-c4ccccc4)cc3)n2)cc1,O=P(c1ccccc1)(c1ccccc1)c1ccc2oc3ccc(P(=O)(c4ccccc4)c4ccccc4)cc3c2c1,-0.06550154875643228
c1ccc(-c2nc(-c3ccccc3)nc(-c3ccc(-n4c5ccccc5c5cc6c7ccccc7n7c8ccccc8c(c54)c67)cc3)n2)cc1,O=P(c1ccccc1)(c1ccccc1)c1ccc2oc3ccc(P(=O)(c4ccccc4)c4ccccc4)cc3c2c1,-0.16749108729376366
CC(C)(C)c1ccc2c(c1)c1cc(C(C)(C)C)ccc1n2-c1cc(C(=O)c2ccncc2)cc(-n2c3ccc(C(C)(C)C)cc3c3cc(C(C)(C)C)ccc32)c1,c1cc(-c2cccc(-n3c4ccccc4c4ccccc43)c2)cc(-n2c3ccccc3c3ccccc32)c1,-0.01322826573375516
CC(C)(C)c1ccc2c(c1)c1cc(C(C)(C)C)ccc1n2-c1cc(C(=O)c2cccnc2)cc(-n2c3ccc(C(C)(C)C)cc3c3cc(C(C)(C)C)ccc32)c1,c1cc(-c2cccc(-n3c4ccccc4c4ccccc43)c2)cc(-n2c3ccccc3c3ccccc32)c1,-0.036212172654444715
CC(C)(C)c1ccc2c(c1)c1cc(C(C)(C)C)ccc1n2-c1cc(C(=O)c2ccccn2)cc(-n2c3ccc(C(C)(C)C)cc3c3cc(C(C)(C)C)ccc32)c1,c1cc(-c2cccc(-n3c4ccccc4c4ccccc43)c2)cc(-n2c3ccccc3c3ccccc32)c1,-0.017728766960431602
CC(C)(C)c1ccc2c(c1)c1cc(C(C)(C)C)ccc1n2-c1cc(C(=O)c2ccccc2)cc(-n2c3ccc(C(C)(C)C)cc3c3cc(C(C)(C)C)ccc32)c1,c1cc(-c2cccc(-n3c4ccccc4c4ccccc43)c2)cc(-n2c3ccccc3c3ccccc32)c1,-0.12493873660829995
O=C(c1ccncc1)c1ccc(-n2c3ccccc3c3ccccc32)cc1,c1cc(-c2cccc(-n3c4ccccc4c4ccccc43)c2)cc(-n2c3ccccc3c3ccccc32)c1,-0.42021640338318983
CC(C)(C)c1ccc2c(c1)c1cc(C(C)(C)C)ccc1n2-c1ccc(C(=O)c2ccncc2)cc1,c1cc(-c2cccc(-n3c4ccccc4c4ccccc43)c2)cc(-n2c3ccccc3c3ccccc32)c1,-0.1549019599857432
O=C(c1ccncc1)c1ccc(-n2c3ccccc3c3cc(-n4c5ccccc5c5ccccc54)ccc32)cc1,c1cc(-c2cccc(-n3c4ccccc4c4ccccc43)c2)cc(-n2c3ccccc3c3ccccc32)c1,-0.14266750356873156
O=C(c1ccncc1)c1ccc(-n2c3ccc(-n4c5ccccc5c5ccccc54)cc3c3cc(-n4c5ccccc5c5ccccc54)ccc32)cc1,c1cc(-c2cccc(-n3c4ccccc4c4ccccc43)c2)cc(-n2c3ccccc3c3ccccc32)c1,-0.017728766960431602
N#Cc1cc(-n2c3ccccc3c3cccnc32)c(-n2c3ccccc3c3cccnc32)cc1C#N,c1cc(-n2c3ccccc3c3ccccc32)cc(-n2c3ccccc3c3ccccc32)c1,-0.431798275933005
N#Cc1cc(-n2c3ccccc3c3ncccc32)c(-n2c3ccccc3c3ncccc32)cc1C#N,c1cc(-n2c3ccccc3c3ccccc32)cc(-n2c3ccccc3c3ccccc32)c1,-0.03151705144606486
Cc1nc(-c2ccc(N3c4ccccc4C(c4ccccc4)(c4ccccc4)c4ccccc43)cc2)cc(-c2ccc(N3c4ccccc4C(c4ccccc4)(c4ccccc4)c4ccccc43)cc2)n1,O=P(c1ccccc1)(c1ccccc1)c1ccc2oc3ccc(P(=O)(c4ccccc4)c4ccccc4)cc3c2c1,-0.036212172654444715
c1ccc(-c2nc(-c3ccc(N4c5ccccc5C(c5ccccc5)(c5ccccc5)c5ccccc54)cc3)cc(-c3ccc(N4c5ccccc5C(c5ccccc5)(c5ccccc5)c5ccccc54)cc3)n2)cc1,O=P(c1ccccc1)(c1ccccc1)c1ccc2oc3ccc(P(=O)(c4ccccc4)c4ccccc4)cc3c2c1,-0.026872146400301365
CCCCN1C(=O)C(=C/C=C/C=C/C=C2N(CCCC)c3ccccc3N2CCCC)C(=O)N(CCCC)C1=S,OCC(F)(F)F,-1.6382721639824072
C(=C/c1ccc(-n2c3ccccc3c3ccccc32)cc1)\c1ccc(-c2ccc(/C=C/c3ccc(-n4c5ccccc5c5ccccc54)cc3)cc2)cc1,c1ccc2c(c1)c1ccccc1n2-c1ccc(-c2ccc(-n3c4ccccc4c4ccccc43)cc2)cc1,-0.00877392430750515
c1ccc2c(c1)c1ccccc1n2-c1ccc2cc(-c3ccc(-c4ccc(-c5cc6ccc(-n7c8ccccc8c8ccccc87)cc6o5)cc4)cc3)oc2c1,c1ccc2c(c1)c1ccccc1n2-c1ccc(-c2ccc(-n3c4ccccc4c4ccccc43)cc2)cc1,0.0
c1ccc2c(c1)c1ccccc1n2-c1ccc(-c2cc3ccc(-c4ccc5cc(-c6ccc(-n7c8ccccc8c8ccccc87)cc6)oc5c4)cc3o2)cc1,c1ccc2c(c1)c1ccccc1n2-c1ccc(-c2ccc(-n3c4ccccc4c4ccccc43)cc2)cc1,0.0
O=c1c2ccccc2n2c3ccccc3c(=O)c3cccc1c32,c1cc(-n2c3ccccc3c3ccccc32)cc(-n2c3ccccc3c3ccccc32)c1,-0.1402614338028531
CC1(C)c2ccccc2N(c2ccc3c(c2)c(=O)c2cccc4c(=O)c5cc(N6c7ccccc7C(C)(C)c7ccccc76)ccc5n3c24)c2ccccc21,c1ccc2c(c1)c1ccccc1n2-c1ccc(-c2ccc(-n3c4ccccc4c4ccccc43)cc2)cc1,-0.04672366333269562
CN(C)c1ccc(/C=C/c2nc3ccc(N(C)C)cc3oc2=O)cc1,OCC(O)CO,-1.7212463990471711
CN(C)c1ccc(/C=C/c2nc3ccc(N(C)C)cc3oc2=O)cc1,CC(O)CO,-1.6197887582883939
Cc1cc(C)c(B2c3cc(C)ccc3N3c4ccc(C)cc4B(c4c(C)cc(C)cc4C)c4cc(C)cc2c43)c(C)c1,Cc1ccccc1-c1cccc(Oc2cc3c4c(c2)Oc2cc(-c5ccccc5C)ccc2B4c2ccc(-c4ccccc4C)cc2O3)c1,-0.0510982390297863
Cc1ccc2c(c1)B(c1c(C(C)C)cc(C(C)C)cc1C(C)C)c1cc(C)cc3c1N2c1ccc(C)cc1B3c1c(C(C)C)cc(C(C)C)cc1C(C)C,Cc1ccccc1-c1cccc(Oc2cc3c4c(c2)Oc2cc(-c5ccccc5C)ccc2B4c2ccc(-c4ccccc4C)cc2O3)c1,-0.05749589383191927
c1ccc(N(c2ccccc2)c2ccc(-c3ccc4c(c3)C3(c5cc(-c6ccc(N(c7ccccc7)c7ccccc7)cc6)ccc5-4)c4ccccc4N(c4ccccc4)c4ccccc43)cc2)cc1,c1cc(-n2c3ccccc3c3ccccc32)cc(-n2c3ccccc3c3ccccc32)c1,-0.06550154875643228
c1ccc(N(c2ccccc2)c2ccc(-c3ccc4c(c3)C3(c5ccccc5Oc5ccccc53)c3cc(-c5ccc(N(c6ccccc6)c6ccccc6)cc5)ccc3-4)cc2)cc1,c1cc(-n2c3ccccc3c3ccccc32)cc(-n2c3ccccc3c3ccccc32)c1,-0.045757490560675115
c1ccc(N(c2ccccc2)c2ccc(-c3ccc4c(c3)C3(c5cc(-c6ccc(N(c7ccccc7)c7ccccc7)cc6)ccc5O4)c4ccccc4-c4ccccc43)cc2)cc1,c1cc(-n2c3ccccc3c3ccccc32)cc(-n2c3ccccc3c3ccccc32)c1,-0.3467874862246563
O=S1(=O)c2ccccc2C2(c3cc(-c4ccc(N(c5ccccc5)c5ccccc5)cc4)ccc3-c3ccc(-c4ccc(N(c5ccccc5)c5ccccc5)cc4)cc32)c2ccccc21,c1cc(-n2c3ccccc3c3ccccc32)cc(-n2c3ccccc3c3ccccc32)c1,-0.045757490560675115
O=S1(=O)c2ccccc2C2(c3cc(-c4ccc(-n5c6ccccc6c6ccccc65)cc4)ccc3-c3ccc(-c4ccc(-n5c6ccccc6c6ccccc65)cc4)cc32)c2ccccc21,c1cc(-n2c3ccccc3c3ccccc32)cc(-n2c3ccccc3c3ccccc32)c1,-0.06550154875643228
CC(C)(C)c1ccc2c(c1)c1cc(C(C)(C)C)ccc1n2-c1ccc(-c2ccc3c(c2)C2(c4cc(-c5ccc(-n6c7ccc(C(C)(C)C)cc7c7cc(C(C)(C)C)ccc76)cc5)ccc4-3)c3ccccc3S(=O)(=O)c3ccccc32)cc1,c1cc(-n2c3ccccc3c3ccccc32)cc(-n2c3ccccc3c3ccccc32)c1,-0.08092190762392612
c1ccc(N(c2ccccc2)c2ccc(-c3ccc4c(c3)C3(c5ccccc5Sc5ccccc53)c3cc(-c5ccc(N(c6ccccc6)c6ccccc6)cc5)ccc3-4)cc2)cc1,c1cc(-n2c3ccccc3c3ccccc32)cc(-n2c3ccccc3c3ccccc32)c1,-0.05551732784983137
Cc1cc(C)c2c(c1)c1cc(C)cc(C)c1n2-c1ccc2c(c1)Oc1cc3c(cc1B2c1c(C(C)C)cc(C(C)C)cc1C(C)C)B(c1c(C(C)C)cc(C(C)C)cc1C(C)C)c1ccccc1O3,O=P(c1ccccc1)(c1ccccc1)c1ccc2oc3ccc(P(=O)(c4ccccc4)c4ccccc4)cc3c2c1,0.0
Cc1cc(C)c2c(c1)c1cc(C)cc(C)c1n2-c1ccc2c(c1)Sc1cc3c(cc1B2c1c(C(C)C)cc(C(C)C)cc1C(C)C)B(c1c(C(C)C)cc(C(C)C)cc1C(C)C)c1ccccc1S3,O=P(c1ccccc1)(c1ccccc1)c1ccc2oc3ccc(P(=O)(c4ccccc4)c4ccccc4)cc3c2c1,-0.03151705144606486
COc1ccc(/C=C/C=C/C=C/c2ccc([N+](=O)[O-])cc2)cc1,CC1CCCCC1,-0.6777807052660807
CCOc1ccc(/C=C/C=C/C=C/c2ccc([N+](=O)[O-])cc2)cc1,CC1CCCCC1,-0.6575773191777937
CCCOc1ccc(/C=C/C=C/C=C/c2ccc([N+](=O)[O-])cc2)cc1,CC1CCCCC1,-0.6020599913279624
CCCCOc1ccc(/C=C/C=C/C=C/c2ccc([N+](=O)[O-])cc2)cc1,CC1CCCCC1,-0.6020599913279624
CCCn1c2cccc3oc4cccc5oc6cccc1c6[c+](c45)c32,OCC(O)CO,-0.3279021420642826
CCCn1c2cccc3oc4cccc5c4[c+](c32)c2c1cccc2n5CCC,OCC(O)CO,-0.4089353929735008
COCCOCCOCCOCCOc1ccc(OCCOCCOCCOCCOC)c(C=O)c1,CC(C)CO,-0.5376020021010439
COCCOCCOCCOCCOc1ccc(OCCOCCOCCOCCOC)c(C=O)c1,CC(C)(C)O,-0.721246399047171
COCCOCCOCCOCCOc1ccc(OCCOCCOCCOCCOC)c(C=O)c1,CNC=O,-1.0
COCCOCCOCCOCCOc1ccc(OCCOCCOCCOCCOC)c(C=O)c1,NC=O,-0.36653154442041347
COCCOCCOCCOCCOc1cc(C=O)c(OCCOCCOCCOCCOC)cc1C=O,CC(C)CO,-1.0
COCCOCCOCCOCCOc1cc(C=O)c(OCCOCCOCCOCCOC)cc1C=O,CC(C)(C)O,-0.9208187539523752
COCCOCCOCCOCCOc1cc(C=O)c(OCCOCCOCCOCCOC)cc1C=O,CNC=O,-1.3010299956639813
COCCOCCOCCOCCOc1cc(C=O)c(OCCOCCOCCOCCOC)cc1C=O,NC=O,-0.5086383061657274
COc1ccc(OC)c(C=O)c1,CN(C)P(=O)(N(C)C)N(C)C,-4.0
COc1ccc(OC)c(C=O)c1,CNC=O,-0.958607314841775
COc1ccc(OC)c(C=O)c1,NC=O,-0.3187587626244128
O=Cc1cc(O)ccc1O,CN(C)P(=O)(N(C)C)N(C)C,-0.8538719643217619
O=Cc1cc(O)ccc1O,CNC=O,-0.8538719643217619
O=Cc1cc(O)ccc1O,NC=O,-1.154901959985743
COCCOc1ccc(OCCOC)c(C=O)c1,CC(C)CO,-0.6777807052660807
COCCOc1ccc(OCCOC)c(C=O)c1,CC(C)(C)O,-0.8860566476931632
COCCOc1ccc(OCCOC)c(C=O)c1,CNC=O,-0.8538719643217619
COCCOc1ccc(OCCOC)c(C=O)c1,NC=O,-0.3565473235138126
COCCOCCOc1ccc(OCCOCCOC)c(C=O)c1,CC(C)CO,-0.6989700043360187
COCCOCCOc1ccc(OCCOCCOC)c(C=O)c1,CC(C)(C)O,-0.8538719643217619
COCCOCCOc1ccc(OCCOCCOC)c(C=O)c1,CNC=O,-1.0
COCCOCCOc1ccc(OCCOCCOC)c(C=O)c1,NC=O,-0.3467874862246563
COCCOCCOCCOc1ccc(OCCOCCOCCOC)c(C=O)c1,CC(C)CO,-0.6989700043360187
COCCOCCOCCOc1ccc(OCCOCCOCCOC)c(C=O)c1,CC(C)(C)O,-0.8860566476931632
COCCOCCOCCOc1ccc(OCCOCCOCCOC)c(C=O)c1,CNC=O,-0.8538719643217619
COCCOCCOCCOc1ccc(OCCOCCOCCOC)c(C=O)c1,NC=O,-0.36653154442041347
COCCOc1cc(C=O)c(OCCOC)cc1C=O,CC(C)CO,-1.0
COCCOc1cc(C=O)c(OCCOC)cc1C=O,CC(C)(C)O,-0.958607314841775
COCCOc1cc(C=O)c(OCCOC)cc1C=O,CNC=O,-1.0969100130080565
COCCOc1cc(C=O)c(OCCOC)cc1C=O,NC=O,-0.5228787452803376
COCCOCCOc1cc(C=O)c(OCCOCCOC)cc1C=O,CC(C)CO,-1.0457574905606752
COCCOCCOc1cc(C=O)c(OCCOCCOC)cc1C=O,CC(C)(C)O,-0.9208187539523752
COCCOCCOc1cc(C=O)c(OCCOCCOC)cc1C=O,CNC=O,-1.5228787452803376
COCCOCCOc1cc(C=O)c(OCCOCCOC)cc1C=O,NC=O,-0.585026652029182
COCCOCCOCCOc1cc(C=O)c(OCCOCCOCCOC)cc1C=O,CC(C)CO,-0.9208187539523752
COCCOCCOCCOc1cc(C=O)c(OCCOCCOCCOC)cc1C=O,CC(C)(C)O,-0.9208187539523752
COCCOCCOCCOc1cc(C=O)c(OCCOCCOCCOC)cc1C=O,CNC=O,-1.0969100130080565
COCCOCCOCCOc1cc(C=O)c(OCCOCCOCCOC)cc1C=O,NC=O,-0.5086383061657274
O=Cc1cc(O)c(C=O)cc1O,CN(C)P(=O)(N(C)C)N(C)C,-0.2006594505464183
O=Cc1cc(O)c(C=O)cc1O,CNC=O,-0.8239087409443188
O=Cc1cc(O)c(C=O)cc1O,NC=O,-1.154901959985743
C1=Cc2nc1c(-c1ccccc1)c1ccc([nH]1)c(-c1ccccc1)c1nc(c(-c3ccccc3)c3ccc([nH]3)c2-c2ccccc2)C=C1,CC(=O)N(C)C,-0.8239087409443188
C1=C/C2=C(\c3ccccc3)c3c[nH]c(c3)/C(c3ccccc3)=C3/C=CC(=N3)/C(c3ccccc3)=c3/cc/c([nH]3)=C(\c3ccccc3)C1=N2,CC(=O)N(C)C,-1.337242168318426
CC(C)(C)c1cc(/C2=C3\C=CC(=N3)/C(c3ccc([N+](=O)[O-])cc3)=c3/cc/c([nH]3)=C(\c3ccc([N+](=O)[O-])cc3)C3=N/C(=C(/c4cc(C(C)(C)C)cc(C(C)(C)C)c4)c4cc2c[nH]4)C=C3)cc(C(C)(C)C)c1,CC(=O)N(C)C,-1.6197887582883939
C#Cc1ccc(/C2=c3\cc/c([nH]3)=C(\c3ccc(C#C)cc3)C3=N/C(=C(/c4cc(C(C)(C)C)cc(C(C)(C)C)c4)c4cc(c[nH]4)/C(c4cc(C(C)(C)C)cc(C(C)(C)C)c4)=C4/C=CC2=N4)C=C3)cc1,CC(=O)N(C)C,-1.238072161579471
CC(C)(C)c1cc(/C2=C3\C=CC(=N3)/C(c3ccc(Br)cc3)=c3/cc/c([nH]3)=C(\c3ccc(Br)cc3)C3=N/C(=C(/c4cc(C(C)(C)C)cc(C(C)(C)C)c4)c4cc2c[nH]4)C=C3)cc(C(C)(C)C)c1,CC(=O)N(C)C,-1.3439017979871681
O=c1cc2cc(O)c3cccc4ccc(o1)c2c43,CC1CCCO1,-0.4559319556497244
O=c1cc2c(S(=O)(=O)O)c(O)c3cccc4ccc(o1)c2c43,CC1CCCO1,-0.6989700043360187
CCCCCCOc1cc2cc(=O)oc3ccc4cccc1c4c23,CC1CCCO1,-0.13076828026902382
O=c1cc2cc(O)c3c(O)ccc4ccc(o1)c2c43,CC1CCCO1,-0.28399665636520083
CCCCCCOc1ccc2ccc3oc(=O)cc4cc(OCCCCCC)c1c2c43,CC1CCCO1,-0.08092190762392612
O=c1cc2cc(O)c3cc(O)cc4ccc(o1)c2c43,CC1CCCO1,-0.44369749923271273
O=c1oc2ccc3cccc4c(O)c(Cl)c(c1Cl)c2c34,CC1CCCO1,-0.4814860601221125
O=c1cc2c(Br)c(O)c3cccc4ccc(o1)c2c43,CC1CCCO1,-0.8239087409443188
COc1c(Br)c2cc(=O)oc3ccc4cccc1c4c32,CC1CCCO1,-0.3467874862246563
COc1c(-c2c(OC)c3cccc4ccc5oc(=O)cc2c5c43)c2cc(=O)oc3ccc4cccc1c4c32,CC1CCCO1,-0.4559319556497244
O=c1cc2c(-c3c(O)c4cccc5ccc6oc(=O)cc3c6c54)c(O)c3cccc4ccc(o1)c2c43,CC1CCCO1,-0.8860566476931632
F[B-]1(F)n2cccc2C=C2C=CC=[N+]21,OCC(F)(F)F,-0.06550154875643228
C#CCNC1=C2C=CC=[N+]2[B-](F)(F)n2cccc21,OCC(F)(F)F,-0.05551732784983137
C#CCNC1=C2C(C)=CC(C)=[N+]2[B-](F)(F)n2c(C)cc(C)c21,OCC(F)(F)F,-1.1307682802690238
CNC1=C2C=CC=[N+]2[B-](F)(F)n2cccc21,OCC(F)(F)F,-0.638272163982407
CC(C)(C)NC1=C2C=CC=[N+]2[B-](F)(F)n2cccc21,OCC(F)(F)F,-2.221848749616356
CCCCCCCCc1ccc(-c2c3cc(-c4cc(CCCCCCCC)c(-c5ccc(-c6sc(/C=C7\SC(N8CCCCC8)=NC7=O)cc6CCCCCCCC)s5)s4)sc3c(-c3ccc(CCCCCCCC)s3)c3cc(-c4cc(CCCCCCCC)c(-c5ccc(-c6sc(/C=C7\SC(N8CCCCC8)=NC7=O)cc6CCCCCCCC)s5)s4)sc23)s1,Clc1ccccc1,-0.7304870557820837
CC1=CC(=[N+]2CCC2)C=C2C1=Nc1c(C)cc(N3CCC3)cc1[Si]2(C)C,OCCO,-0.8860566476931632
